10	Counter-Strike	http://www.metacritic.com/game/pc/half-life-counter-strike
30	Day of Defeat	http://www.metacritic.com/game/pc/day-of-defeat
70	Half-Life	http://www.metacritic.com/game/pc/half-life
80	Counter-Strike: Condition Zero	http://www.metacritic.com/game/pc/counter-strike-condition-zero
100	Counter-Strike: Condition Zero Deleted Scenes	http://www.metacritic.com/game/pc/counter-strike-condition-zero
130	Half-Life: Blue Shift	http://www.metacritic.com/game/pc/half-life-blue-shift
219	Half-Life 2: Demo	http://www.metacritic.com/game/pc/half-life-2
220	Half-Life 2	http://www.metacritic.com/game/pc/half-life-2
240	Counter-Strike: Source	http://www.metacritic.com/game/pc/counter-strike-source
300	Day of Defeat: Source	http://www.metacritic.com/game/pc/day-of-defeat-source
380	Half-Life 2: Episode One	http://www.metacritic.com/game/pc/half-life-2-episode-one
400	Portal	http://www.metacritic.com/game/pc/portal
410	Portal: First Slice	http://www.metacritic.com/game/pc/portal
420	Half-Life 2: Episode Two	http://www.metacritic.com/game/pc/half-life-2-episode-two
440	Team Fortress 2	http://www.metacritic.com/game/pc/team-fortress-2
500	Left 4 Dead	http://www.metacritic.com/game/pc/left-4-dead
550	Left 4 Dead 2	http://www.metacritic.com/game/pc/left-4-dead-2
620	Portal 2	http://www.metacritic.com/game/pc/portal-2
630	Alien Swarm	http://www.metacritic.com/game/pc/alien-swarm
659	Portal 2 - Pre-order	http://www.metacritic.com/game/pc/portal-2
730	Counter-Strike: Global Offensive	http://www.metacritic.com/game/pc/counter-strike-global-offensive
1002	Rag Doll Kung Fu	http://www.metacritic.com/game/pc/rag-doll-kung-fu
1003	Rag Doll Kung Fu Demo	http://www.metacritic.com/game/pc/rag-doll-kung-fu
1200	Red Orchestra: Ostfront 41-45	http://www.metacritic.com/game/pc/red-orchestra-ostfront-41-45
1300	SiN Episodes: Emergence	http://www.metacritic.com/game/pc/sin-episodes-emergence
1309	SiN Multiplayer	http://www.metacritic.com/game/pc/sin-episodes-emergence
1313	SiN	http://www.metacritic.com/game/pc/sin-episodes-emergence
1500	Darwinia	http://www.metacritic.com/game/pc/darwinia
1502	Darwinia Demo	http://www.metacritic.com/game/pc/darwinia
1510	Uplink	http://www.metacritic.com/game/pc/uplink-hacker-elite
1520	DEFCON	http://www.metacritic.com/game/pc/defcon-everybody-dies
1522	DEFCON Demo	http://www.metacritic.com/game/pc/defcon-everybody-dies
1530	Multiwinia	http://www.metacritic.com/game/pc/multiwinia-survival-of-the-flattest
1540	Multiwinia Demo	http://www.metacritic.com/game/pc/multiwinia-survival-of-the-flattest
1600	Dangerous Waters	http://www.metacritic.com/game/pc/dangerous-waters
1610	Space Empires IV Deluxe	http://www.metacritic.com/game/pc/space-empires-iv
1630	Disciples II: Rise of the Elves	http://www.metacritic.com/game/pc/disciples-ii-rise-of-the-elves
1640	Disciples II: Gallean's Return	http://www.metacritic.com/game/pc/disciples-ii-dark-prophecy
1670	Iron Warriors: T-72 Tank Command	http://www.metacritic.com/game/pc/iron-warriors-t-72-tank-command
1690	Space Empires V	http://www.metacritic.com/game/pc/space-empires-v
1700	Arx Fatalis	http://www.metacritic.com/game/pc/arx-fatalis
1710	Arx Fatalis Demo	http://www.metacritic.com/game/pc/arx-fatalis
1900	Earth 2160	http://www.metacritic.com/game/pc/earth-2160
2300	DOOM II: Hell on Earth	http://www.metacritic.com/game/pc/doom-ii
2310	Quake	http://www.metacritic.com/game/pc/quake
2350	Quake III: Team Arena	http://www.metacritic.com/game/pc/quake-iii-team-arena
2400	The Ship	http://www.metacritic.com/game/pc/the-ship
2450	Bloody Good Time	http://www.metacritic.com/game/pc/bloody-good-time
2520	Gumboy: Crazy Adventures	http://www.metacritic.com/game/pc/gumboy-crazy-adventures
2525	Gumboy Crazy Features	http://www.metacritic.com/game/pc/gumboy-crazy-adventures
2535	Gumboy Demo	http://www.metacritic.com/game/pc/gumboy-crazy-adventures
2570	Vigil: Blood Bitterness	http://www.metacritic.com/game/pc/vigil-blood-bitterness
2580	Vigil: Blood Bitterness Demo	http://www.metacritic.com/game/pc/vigil-blood-bitterness
2620	Call of Duty	http://www.metacritic.com/game/pc/call-of-duty
2630	Call of Duty 2	http://www.metacritic.com/game/pc/call-of-duty-2
2640	Call of Duty: United Offensive	http://www.metacritic.com/game/pc/call-of-duty-united-offensive
2700	RollerCoaster Tycoon 3: Platinum!	http://www.metacritic.com/game/pc/rollercoaster-tycoon-3
2710	Act of War: Direct Action	http://www.metacritic.com/game/pc/act-of-war-direct-action
2780	Arma: Combat Operations	http://www.metacritic.com/game/pc/arma-combat-operations
2800	X2: The Threat	http://www.metacritic.com/game/pc/x2-the-threat
2810	X3: Reunion	http://www.metacritic.com/game/pc/x3-reunion
2820	X3: Terran Conflict	http://www.metacritic.com/game/pc/x3-terran-conflict
2840	X: Beyond the Frontier	http://www.metacritic.com/game/pc/x-beyond-the-frontier
2920	Sub Command	http://www.metacritic.com/game/pc/sub-command
2930	Birth Of America	http://www.metacritic.com/game/pc/birth-of-america
2990	FlatOut 2	http://www.metacritic.com/game/pc/flatout-2
3130	Men of War: Red Tide	http://www.metacritic.com/game/pc/men-of-war-red-tide
3170	King's Bounty: Armored Princess	http://www.metacritic.com/game/pc/kings-bounty-armored-princess
3190	King's Bounty: Armored Princess - Demo	http://www.metacritic.com/game/pc/kings-bounty-armored-princess
3230	Genesis Rising	http://www.metacritic.com/game/pc/genesis-rising-the-universal-crusade
3260	Safecracker: The Ultimate Puzzle Adventure	http://www.metacritic.com/game/pc/safecracker-the-ultimate-puzzle-adventure
3470	Bookworm Adventures Deluxe	http://www.metacritic.com/game/pc/bookworm-adventures-deluxe
3472	Bookworm Adventures Deluxe Demo	http://www.metacritic.com/game/pc/bookworm-adventures-deluxe
3540	Peggle Nights	http://www.metacritic.com/game/pc/peggle-nights
3560	Bejeweled Twist	http://www.metacritic.com/game/pc/bejeweled-twist
3562	Bejeweled Twist Demo	http://www.metacritic.com/game/pc/bejeweled-twist
3590	Plants vs. Zombies: Game of the Year	http://www.metacritic.com/game/pc/plants-vs-zombies
3592	Plants vs. Zombies Demo	http://www.metacritic.com/game/pc/plants-vs-zombies
3620	Zuma's Revenge	http://www.metacritic.com/game/pc/zumas-revenge!
3622	Zuma's Revenge Demo	http://www.metacritic.com/game/pc/zumas-revenge!
3630	BookWorm Adventures Volume 2	http://www.metacritic.com/game/pc/bookworm-adventures-volume-2
3632	Bookworm™ Adventures Volume 2 Demo	http://www.metacritic.com/game/pc/bookworm-adventures-volume-2
3700	Sniper Elite	http://www.metacritic.com/game/pc/sniper-elite
3710	Judge Dredd: Dredd vs Death	http://www.metacritic.com/game/pc/judge-dredd-dredd-vs-death
3720	Evil Genius	http://www.metacritic.com/game/pc/evil-genius
3800	Advent Rising	http://www.metacritic.com/game/pc/advent-rising
3810	BloodRayne	http://www.metacritic.com/game/pc/bloodrayne
3820	BloodRayne 2	http://www.metacritic.com/game/pc/bloodrayne-2
3830	Psychonauts	http://www.metacritic.com/game/pc/psychonauts
3850	BloodRayne 2 Demo	http://www.metacritic.com/game/pc/bloodrayne-2
3900	Sid Meier's Civilization IV	http://www.metacritic.com/game/pc/sid-meiers-civilization-iv
3910	Sid Meier's Civilization III: Complete	http://www.metacritic.com/game/pc/sid-meiers-civilization-iii
3920	Sid Meier's Pirates!	http://www.metacritic.com/game/pc/sid-meiers-pirates!
3960	Shattered Union	http://www.metacritic.com/game/pc/shattered-union
3980	CivCity: Rome	http://www.metacritic.com/game/pc/civcity-rome
3990	Sid Meier's Civilization IV: Warlords	http://www.metacritic.com/game/pc/sid-meiers-civilization-iv-warlords
4260	RACE 07 Demo	http://www.metacritic.com/game/pc/race-07-official-wtcc-game
4300	RoboBlitz	http://www.metacritic.com/game/pc/roboblitz
4310	RoboBlitz Demo	http://www.metacritic.com/game/pc/roboblitz
4320	Star Trek: D-A-C	http://www.metacritic.com/game/pc/star-trek-d-a-c
4330	Star Trek: D·A·C - Demo	http://www.metacritic.com/game/pc/star-trek-d-a-c
4420	Silverfall	http://www.metacritic.com/game/pc/silverfall
4440	Silverfall Demo	http://www.metacritic.com/game/pc/silverfall
4460	City Life 2008	http://www.metacritic.com/game/pc/city-life-2008-edition
4540	Titan Quest	http://www.metacritic.com/game/pc/titan-quest
4550	Titan Quest: Immortal Throne	http://www.metacritic.com/game/pc/titan-quest-immortal-throne
4590	Titan Quest Demo	http://www.metacritic.com/game/pc/titan-quest
4700	Medieval II: Total War	http://www.metacritic.com/game/pc/medieval-ii-total-war
4710	Medieval II: Total War Demo	http://www.metacritic.com/game/pc/medieval-ii-total-war
4760	Rome: Total War	http://www.metacritic.com/game/pc/rome-total-war
4770	Rome: Total War - Alexander	http://www.metacritic.com/game/pc/rome-total-war-alexander
4780	Medieval II: Total War Kingdoms	http://www.metacritic.com/game/pc/medieval-ii-total-war-kingdoms
4800	Heroes of Annihilated Empires	http://www.metacritic.com/game/pc/heroes-of-annihilated-empires
4810	Heroes of Annihilated Empires Demo	http://www.metacritic.com/game/pc/heroes-of-annihilated-empires
4820	Heroes of Annihilated Empires Multiplayer Demo	http://www.metacritic.com/game/pc/heroes-of-annihilated-empires
4850	Cossacks: Back to War	http://www.metacritic.com/game/pc/cossacks-back-to-war
4870	Cossacks: Art of War	http://www.metacritic.com/game/pc/cossacks-the-art-of-war
4880	Cossacks: European Wars	http://www.metacritic.com/game/pc/cossacks-european-wars
4890	Cossacks II: Battle for Europe	http://www.metacritic.com/game/pc/cossacks-ii-battle-for-europe
4920	Natural Selection 2	http://www.metacritic.com/game/pc/natural-selection-2
4932	Natural Selection 2 - Deluxe DLC	http://www.metacritic.com/game/pc/natural-selection-2
6000	Star Wars Republic Commando	http://www.metacritic.com/game/pc/star-wars-republic-commando
6020	Star Wars Jedi Knight: Jedi Academy	http://www.metacritic.com/game/pc/star-wars-jedi-knight-jedi-academy
6030	Star Wars - Jedi Knight II: Jedi Outcast	http://www.metacritic.com/game/pc/star-wars-jedi-knight-ii-jedi-outcast
6060	Star Wars - Battlefront II	http://www.metacritic.com/game/pc/star-wars-battlefront-ii
6080	Thrillville: Off the Rails	http://www.metacritic.com/game/pc/thrillville-off-the-rails
6090	Armed and Dangerous	http://www.metacritic.com/game/pc/armed-and-dangerous
6100	Eets	http://www.metacritic.com/game/pc/eets
6110	Eets Demo	http://www.metacritic.com/game/pc/eets
6200	Ghost Master	http://www.metacritic.com/game/pc/ghost-master
6220	FlatOut	http://www.metacritic.com/game/pc/flatout
6230	FlatOut Demo	http://www.metacritic.com/game/pc/flatout
6250	Making History: The Calm & The Storm	http://www.metacritic.com/game/pc/making-history-the-calm-and-the-storm
6260	Making History: The Calm & The Storm Demo	http://www.metacritic.com/game/pc/making-history-the-calm-and-the-storm
6270	Ducati World Championship	http://www.metacritic.com/game/pc/ducati-world-championship
6300	Dreamfall: The Longest Journey	http://www.metacritic.com/game/pc/dreamfall-the-longest-journey
6310	The Longest Journey	http://www.metacritic.com/game/pc/the-longest-journey
6320	The Longest Journey Demo	http://www.metacritic.com/game/pc/the-longest-journey
6370	Bloodline Champions	http://www.metacritic.com/game/pc/bloodline-champions
6400	Joint Task Force	http://www.metacritic.com/game/pc/joint-task-force
6410	Joint Task Force Demo	http://www.metacritic.com/game/pc/joint-task-force
6420	Nexus: The Jupiter Incident	http://www.metacritic.com/game/pc/nexus-the-jupiter-incident
6510	Lost Planet: Extreme Condition	http://www.metacritic.com/game/pc/lost-planet-extreme-condition
6550	Devil May Cry 3: Special Edition	http://www.metacritic.com/game/pc/devil-may-cry-3-special-edition
6570	Onimusha 3: Demon Siege	http://www.metacritic.com/game/pc/onimusha-3-demon-siege
6580	Lost Planet: Extreme Condition Trial	http://www.metacritic.com/game/pc/lost-planet-extreme-condition
6830	Commandos 2: Men of Courage	http://www.metacritic.com/game/pc/commandos-2-men-of-courage
6840	Commandos 3: Destination Berlin	http://www.metacritic.com/game/pc/commandos-3-destination-berlin
6850	Hitman 2: Silent Assassin	http://www.metacritic.com/game/pc/hitman-2-silent-assassin
6870	Battlestations: Midway	http://www.metacritic.com/game/pc/battlestations-midway
6910	Deus Ex: Game of the Year Edition	http://www.metacritic.com/game/pc/deus-ex
6920	Deus Ex: Invisible War	http://www.metacritic.com/game/pc/deus-ex-invisible-war
6940	Battlestations: Midway Multiplayer Demo	http://www.metacritic.com/game/pc/battlestations-midway
6980	Thief: Deadly Shadows	http://www.metacritic.com/game/pc/thief-deadly-shadows
7000	Tomb Raider: Legend	http://www.metacritic.com/game/pc/tomb-raider-legend
7010	Project: Snowblind	http://www.metacritic.com/game/pc/project-snowblind
7020	Rogue Trooper	http://www.metacritic.com/game/pc/rogue-trooper
7030	Tomb Raider: Legend Demo	http://www.metacritic.com/game/pc/tomb-raider-legend
7050	Project: Snowblind Demo	http://www.metacritic.com/game/pc/project-snowblind
7110	Jade Empire: Special Edition	http://www.metacritic.com/game/pc/jade-empire-special-edition
7200	TrackMania United	http://www.metacritic.com/game/pc/trackmania-united
7210	Runaway: A Road Adventure	http://www.metacritic.com/game/pc/runaway-a-road-adventure
7220	Runaway: The Dream of the Turtle	http://www.metacritic.com/game/pc/runaway-the-dream-of-the-turtle
7230	Runaway, The Dream of the Turtle Demo	http://www.metacritic.com/game/pc/runaway-the-dream-of-the-turtle
7260	Loki	http://www.metacritic.com/game/pc/loki-heroes-of-mythology
7280	Loki Egyptian Demo	http://www.metacritic.com/game/pc/loki-heroes-of-mythology
7290	Sherlock Holmes: The Awakened Demo	http://www.metacritic.com/game/pc/sherlock-holmes-the-awakened
7610	Railroad Tycoon 3	http://www.metacritic.com/game/pc/railroad-tycoon-3
7620	Railroad Tycoon 2: Platinum	http://www.metacritic.com/game/pc/railroad-tycoon-ii
7770	X-COM: Enforcer	http://www.metacritic.com/game/pc/x-com-enforcer
7830	Men of War	http://www.metacritic.com/game/pc/men-of-war
7840	Death Track: Resurrection	http://www.metacritic.com/game/pc/death-track-resurrection
7860	NecroVisioN	http://www.metacritic.com/game/pc/necrovision
7890	Men of War - Demo	http://www.metacritic.com/game/pc/men-of-war
8000	Tomb Raider: Anniversary	http://www.metacritic.com/game/pc/tomb-raider-anniversary
8030	Tomb Raider: Anniversary Demo	http://www.metacritic.com/game/pc/tomb-raider-anniversary
8140	Tomb Raider: Underworld	http://www.metacritic.com/game/pc/tomb-raider-underworld
8150	Tomb Raider: Underworld Demo	http://www.metacritic.com/game/pc/tomb-raider-underworld
8160	Shellshock 2: Blood Trails	http://www.metacritic.com/game/pc/shellshock-2-blood-trails
8170	Battlestations: Pacific	http://www.metacritic.com/game/pc/battlestations-pacific
8180	Battlestations: Pacific - Demo	http://www.metacritic.com/game/pc/battlestations-pacific
8310	Bone: Out from Boneville	http://www.metacritic.com/game/pc/bone-out-from-boneville
8320	Bone: The Great Cow Race	http://www.metacritic.com/game/pc/bone-the-great-cow-race
8340	Strong Bad Episode 1: Homestar Ruiner	http://www.metacritic.com/game/pc/strong-bads-cool-game-for-attractive-people-episode-5-8-bit-is-enough
8350	Strong Bad Episode 2: Strong Badia the Free	http://www.metacritic.com/game/pc/strong-bads-cool-game-for-attractive-people-episode-5-8-bit-is-enough
8360	Strong Bad Episode 3: Baddest of the Bands	http://www.metacritic.com/game/pc/strong-bads-cool-game-for-attractive-people-episode-5-8-bit-is-enough
8370	Strong Bad Episode 4: Dangeresque 3	http://www.metacritic.com/game/pc/strong-bads-cool-game-for-attractive-people-episode-5-8-bit-is-enough
8380	Strong Bad Episode 5: 8-Bit Is Enough	http://www.metacritic.com/game/pc/strong-bads-cool-game-for-attractive-people-episode-5-8-bit-is-enough
8400	Geometry Wars: Retro Evolved	http://www.metacritic.com/game/pc/geometry-wars-retro-evolved
8500	Eve Online: Inferno	http://www.metacritic.com/game/pc/eve-online-special-edition
8510	EVE Online Demo	http://www.metacritic.com/game/pc/eve-online-special-edition
8600	RACE 07	http://www.metacritic.com/game/pc/race-07-official-wtcc-game
8660	GTR Evolution	http://www.metacritic.com/game/pc/gtr-evolution
8720	GTR Evolution Demo	http://www.metacritic.com/game/pc/gtr-evolution
8800	Sid Meier's Civilization IV: Beyond the Sword	http://www.metacritic.com/game/pc/sid-meiers-civilization-iv-beyond-the-sword
8820	Sid Meier's Civilization IV: Beyond the Sword - Final Frontier Demo	http://www.metacritic.com/game/pc/sid-meiers-civilization-iv-beyond-the-sword
8880	Freedom Force	http://www.metacritic.com/game/pc/freedom-force
8900	Freedom Force - Demo	http://www.metacritic.com/game/pc/freedom-force
8930	Sid Meier's Civilization V	http://www.metacritic.com/game/pc/sid-meiers-civilization-v
9010	Return to Castle Wolfenstein	http://www.metacritic.com/game/pc/return-to-castle-wolfenstein
9090	Quake III: Team Arena Demo	http://www.metacritic.com/game/pc/quake-iii-team-arena
9350	Supreme Commander	http://www.metacritic.com/game/pc/supreme-commander
9420	Supreme Commander: Forged Alliance	http://www.metacritic.com/game/pc/supreme-commander-forged-alliance
9500	Gish	http://www.metacritic.com/game/pc/gish
9510	Gish Demo	http://www.metacritic.com/game/pc/gish
9710	Desperados 2: Cooper’s Revenge	http://www.metacritic.com/game/pc/desperados-2-coopers-revenge
9730	Tycoon City: New York	http://www.metacritic.com/game/pc/tycoon-city-new-york
9760	Act of War: High Treason	http://www.metacritic.com/game/pc/act-of-war-high-treason
9800	Death to Spies	http://www.metacritic.com/game/pc/death-to-spies
9850	Codename Panzer	http://www.metacritic.com/game/pc/codename-panzers-cold-war
9880	Champions Online: Free For All	http://www.metacritic.com/game/pc/champions-online
9885	Champions Online - Free Trial	http://www.metacritic.com/game/pc/champions-online
9900	Star Trek Online	http://www.metacritic.com/game/pc/star-trek-online
9930	Test Drive Unlimited 2	http://www.metacritic.com/game/pc/test-drive-unlimited-2
9940	Blade Kitten	http://www.metacritic.com/game/pc/blade-kitten
9950	Blade Kitten Demo	http://www.metacritic.com/game/pc/blade-kitten
9980	The UnderGarden	http://www.metacritic.com/game/pc/the-undergarden
9985	The Undergarden Demo	http://www.metacritic.com/game/pc/the-undergarden
9990	Ghostbusters: Sanctum of Slime	http://www.metacritic.com/game/pc/ghostbusters-sanctum-of-slime
9992	Ghostbusters Sanctum of Slime Challenge Pack	http://www.metacritic.com/game/pc/ghostbusters-sanctum-of-slime
9998	Ghostbusters: Sanctum of Slime Demo	http://www.metacritic.com/game/pc/ghostbusters-sanctum-of-slime
10130	TimeShift	http://www.metacritic.com/game/pc/timeshift
10180	Call of Duty: Modern Warfare 2	http://www.metacritic.com/game/pc/call-of-duty-modern-warfare-2
10190	Call of Duty: Modern Warfare 2 - Multiplayer	http://www.metacritic.com/game/pc/call-of-duty-modern-warfare-2
10430	Universe at War: Earth Assault	http://www.metacritic.com/game/pc/universe-at-war-earth-assault
10460	The Club	http://www.metacritic.com/game/pc/the-club
10500	Empire: Total War	http://www.metacritic.com/game/pc/empire-total-war
10530	Space Siege	http://www.metacritic.com/game/pc/space-siege
10620	Empire: Total War Demo	http://www.metacritic.com/game/pc/empire-total-war
10650	Stormrise	http://www.metacritic.com/game/pc/stormrise
10690	Virtua Tennis 2009	http://www.metacritic.com/game/pc/virtua-tennis-2009
11000	Loki Norse Demo	http://www.metacritic.com/game/pc/loki-heroes-of-mythology
11040	Sherlock Holmes: Nemesis	http://www.metacritic.com/game/pc/sherlock-holmes-nemesis
11050	Dracula: Origin	http://www.metacritic.com/game/pc/dracula-origin
11060	Pro Cycling Manager Season 2008	http://www.metacritic.com/game/pc/pro-cycling-manager-season-2008-le-tour-de-france
11080	Sherlock Holmes: Nemesis Demo	http://www.metacritic.com/game/pc/sherlock-holmes-nemesis
11090	Dracula: Origin Demo	http://www.metacritic.com/game/pc/dracula-origin
11120	Pro Cycling Manager Season 2009	http://www.metacritic.com/game/pc/pro-cycling-manager-season-2009-le-tour-de-france
11140	Sherlock Holmes: The Awakened - Remastered	http://www.metacritic.com/game/pc/sherlock-holmes-the-awakened
11150	Sherlock Holmes: The Secret of the Silver Earring	http://www.metacritic.com/game/pc/sherlock-holmes-the-silver-earring
11190	Sherlock Holmes versus Jack the Ripper	http://www.metacritic.com/game/pc/sherlock-holmes-vs-jack-the-ripper
11250	Pacific Storm	http://www.metacritic.com/game/pc/pacific-storm
11260	Pacific Storm: Allies	http://www.metacritic.com/game/pc/pacific-storm-allies
11340	Larva Mortus	http://www.metacritic.com/game/pc/larva-mortus
11350	Larva Mortus Demo	http://www.metacritic.com/game/pc/larva-mortus
11370	Nikopol: Secrets of the Immortals	http://www.metacritic.com/game/pc/nikopol-secrets-of-the-immortals
11420	Clive Barker's Jericho	http://www.metacritic.com/game/pc/clive-barkers-jericho
11450	Overlord	http://www.metacritic.com/game/pc/overlord
11460	Clive Barker's Jericho Demo	http://www.metacritic.com/game/pc/clive-barkers-jericho
11470	Overlord Demo	http://www.metacritic.com/game/pc/overlord
11560	Maelstrom	http://www.metacritic.com/game/pc/maelstrom
11590	Hospital Tycoon	http://www.metacritic.com/game/pc/hospital-tycoon
11900	Lumines	http://www.metacritic.com/game/pc/lumines
11910	Lumines Demo	http://www.metacritic.com/game/pc/lumines
12160	Midnight Club II	http://www.metacritic.com/game/pc/midnight-club-ii
12200	Bully: Scholarship Edition	http://www.metacritic.com/game/pc/bully-scholarship-edition
12310	Culpa Innata	http://www.metacritic.com/game/pc/culpa-innata
12320	Sacred Gold	http://www.metacritic.com/game/pc/sacred
12330	DarkStar One	http://www.metacritic.com/game/pc/darkstar-one
12340	Jack Keane	http://www.metacritic.com/game/pc/jack-keane
12360	FlatOut: Ultimate Carnage	http://www.metacritic.com/game/pc/flatout-ultimate-carnage
12420	Perimeter 2: New Earth	http://www.metacritic.com/game/pc/perimeter-ii-new-earth
12470	Port Royale 2	http://www.metacritic.com/game/pc/port-royale-2
12500	Puzzle Quest	http://www.metacritic.com/game/pc/puzzle-quest-challenge-of-the-warlords
12630	Legend: Hand of God	http://www.metacritic.com/game/pc/legend-hand-of-god
12640	Drakensang	http://www.metacritic.com/game/pc/the-dark-eye-drakensang
12750	GRID	http://www.metacritic.com/game/pc/grid
12800	FUEL	http://www.metacritic.com/game/pc/fuel
12810	Overlord II	http://www.metacritic.com/game/pc/overlord-ii
12820	Overlord II - Demo	http://www.metacritic.com/game/pc/overlord-ii
12840	DiRT 2	http://www.metacritic.com/game/pc/dirt-2
12850	FUEL - Demo	http://www.metacritic.com/game/pc/fuel
12900	Audiosurf	http://www.metacritic.com/game/pc/audiosurf
12910	Audiosurf Demo	http://www.metacritic.com/game/pc/audiosurf
13140	America's Army 3	http://www.metacritic.com/game/pc/americas-army-3
13510	Tom Clancy's Ghost Recon: Advanced Warfighter 2	http://www.metacritic.com/game/pc/tom-clancys-ghost-recon-advanced-warfighter-2
13560	Tom Clancy's Splinter Cell	http://www.metacritic.com/game/pc/tom-clancys-splinter-cell
13570	Tom Clancy's Splinter Cell: Chaos Theory	http://www.metacritic.com/game/pc/tom-clancys-splinter-cell-chaos-theory
13600	Prince of Persia: The Sands of Time	http://www.metacritic.com/game/pc/prince-of-persia-the-sands-of-time
13630	Tom Clancy's Ghost Recon: Island Thunder	http://www.metacritic.com/game/pc/tom-clancys-ghost-recon-island-thunder
13640	Tom Clancy's Ghost Recon: Advanced Warfighter	http://www.metacritic.com/game/pc/tom-clancys-ghost-recon-advanced-warfighter
13700	Savage 2: A Tortured Soul	http://www.metacritic.com/game/pc/savage-2-a-tortured-soul
15080	Rayman: Raving Rabbids	http://www.metacritic.com/game/pc/rayman-raving-rabbids
15130	Beyond Good & Evil	http://www.metacritic.com/game/pc/beyond-good-evil
15170	Heroes of Might and Magic V	http://www.metacritic.com/game/pc/heroes-of-might-and-magic-v
15200	Silent Hunter: Wolves of the Pacific	http://www.metacritic.com/game/pc/silent-hunter-wolves-of-the-pacific
15210	Silent Hunter III	http://www.metacritic.com/game/pc/silent-hunter-iii
15220	Blazing Angels: Squadrons of WWII	http://www.metacritic.com/game/pc/blazing-angels-squadrons-of-wwii
15230	Blazing Angels 2: Secret Missions of WWII	http://www.metacritic.com/game/pc/blazing-angels-2-secret-missions-of-wwii
15310	The Settlers: Heritage of Kings	http://www.metacritic.com/game/pc/heritage-of-kings-the-settlers
15370	Heroes of Might and Magic V: Tribes of the East	http://www.metacritic.com/game/pc/heroes-of-might-and-magic-v-tribes-of-the-east
15380	Heroes of Might and Magic V: Hammers of Fate	http://www.metacritic.com/game/pc/heroes-of-might-and-magic-v-hammers-of-fate
15520	AaAaAA!!! - A Reckless Disregard for Gravity	http://www.metacritic.com/game/pc/aaaaaaaaaaaaaaaaaaaaaaaaa!!!---a-reckless-disregard-for-gravity
16300	Everyday Shooter	http://www.metacritic.com/game/pc/everyday-shooter
16710	Insecticide Part 1	http://www.metacritic.com/game/pc/insecticide-episode-1
16810	Sid Meier's Civilization IV: Colonization	http://www.metacritic.com/game/pc/sid-meiers-civilization-iv-colonization
17020	Global Agenda	http://www.metacritic.com/game/pc/global-agenda
17050	Global Agenda - Demo	http://www.metacritic.com/game/pc/global-agenda
17080	Tribes: Ascend	http://www.metacritic.com/game/pc/tribes-ascend
17100	Children of the Nile	http://www.metacritic.com/game/pc/immortal-cities-children-of-the-nile
17110	Children of the Nile Demo	http://www.metacritic.com/game/pc/immortal-cities-children-of-the-nile
17140	Hinterland	http://www.metacritic.com/game/pc/hinterland
17390	Spore	http://www.metacritic.com/game/pc/spore
17410	Mirror's Edge	http://www.metacritic.com/game/pc/mirrors-edge
17430	Need for Speed: Undercover	http://www.metacritic.com/game/pc/need-for-speed-undercover
17440	Spore: Creepy & Cute Parts Pack	http://www.metacritic.com/game/pc/spore-creepy-cute-parts-pack
17470	Dead Space	http://www.metacritic.com/game/pc/dead-space
17480	Command and Conquer: Red Alert 3	http://www.metacritic.com/game/pc/command-conquer-red-alert-3
17600	Out of the Park Baseball 9	http://www.metacritic.com/game/pc/out-of-the-park-baseball-9
17710	Nuclear Dawn	http://www.metacritic.com/game/pc/nuclear-dawn
18040	DeathSpank	http://www.metacritic.com/game/pc/deathspank
18049	Deathspank Pre-order	http://www.metacritic.com/game/pc/deathspank
18050	DeathSpank: Thongs Of Virtue	http://www.metacritic.com/game/pc/deathspank-thongs-of-virtue
18070	The Baconing	http://www.metacritic.com/game/pc/the-baconing
18110	Shattered Horizon	http://www.metacritic.com/game/pc/shattered-horizon
18120	Unstoppable Gorg	http://www.metacritic.com/game/pc/unstoppable-gorg
18400	Crazy Machines 2	http://www.metacritic.com/game/pc/crazy-machines-2
18420	Crazy Machines	http://www.metacritic.com/game/pc/crazy-machines-the-wacky-contraptions-game
18430	Crazy Machines 1.5	http://www.metacritic.com/game/pc/crazy-machines-the-wacky-contraptions-game
18450	Crazy Machines 1.5 New from the Lab	http://www.metacritic.com/game/pc/crazy-machines-the-wacky-contraptions-game
18460	Crazy Machines 1.5 Inventors Training Camp	http://www.metacritic.com/game/pc/crazy-machines-the-wacky-contraptions-game
18470	Helldorado	http://www.metacritic.com/game/pc/helldorado
18480	Mata Hari	http://www.metacritic.com/game/pc/mata-hari-betrayal-is-only-a-kiss-away
18490	The Whispered World	http://www.metacritic.com/game/pc/the-whispered-world
18500	Defense Grid: The Awakening	http://www.metacritic.com/game/pc/defense-grid-the-awakening
18510	Defense Grid: The Awakening Demo	http://www.metacritic.com/game/pc/defense-grid-the-awakening
18700	And Yet It Moves	http://www.metacritic.com/game/pc/and-yet-it-moves
18710	And Yet it Moves - Demo	http://www.metacritic.com/game/pc/and-yet-it-moves
19030	Rocket Knight	http://www.metacritic.com/game/pc/rocket-knight
19060	Rocket Knight Demo	http://www.metacritic.com/game/pc/rocket-knight
19810	The Sum of All Fears	http://www.metacritic.com/game/pc/the-sum-of-all-fears
19830	Tom Clancy's Rainbow Six 3: Gold Edition	http://www.metacritic.com/game/pc/tom-clancys-rainbow-six
19930	The Settlers: Rise of an Empire Gold Edition  	http://www.metacritic.com/game/pc/the-settlers-rise-of-an-empire
19980	Prince of Persia	http://www.metacritic.com/game/pc/prince-of-persia
20510	S.T.A.L.K.E.R.: Clear Sky	http://www.metacritic.com/game/pc/stalker-clear-sky
20530	Red Faction	http://www.metacritic.com/game/pc/red-faction
20550	Red Faction II	http://www.metacritic.com/game/pc/red-faction-ii
20710	Mr. Robot	http://www.metacritic.com/game/pc/mr-robot
20730	Mr. Robot Demo	http://www.metacritic.com/game/pc/mr-robot
20820	Shatter	http://www.metacritic.com/game/pc/shatter
20900	The Witcher: Enhanced Edition	http://www.metacritic.com/game/pc/the-witcher-enhanced-edition
21000	LEGO Batman: The Videogame	http://www.metacritic.com/game/pc/lego-batman-the-videogame
21130	Lego Harry Potter	http://www.metacritic.com/game/pc/lego-harry-potter-years-1-4
21640	FLOCK!	http://www.metacritic.com/game/pc/flock!
21650	FLOCK! Demo	http://www.metacritic.com/game/pc/flock!
21660	Street Fighter IV	http://www.metacritic.com/game/pc/street-fighter-iv
21730	CSI: Hard Evidence	http://www.metacritic.com/game/pc/csi-crime-scene-investigation-hard-evidence
21750	CSI: NY - The Game	http://www.metacritic.com/game/pc/csi-ny
21760	World in Conflict	http://www.metacritic.com/game/pc/world-in-conflict
21800	Tom Clancy's EndWar	http://www.metacritic.com/game/pc/tom-clancys-endwar
21900	Tom Clancy's H.A.W.X.	http://www.metacritic.com/game/pc/tom-clancys-hawx
21910	World in Conflict: Soviet Assault	http://www.metacritic.com/game/pc/world-in-conflict-soviet-assault
21930	Tom Clancy's H.A.W.X. - Demo	http://www.metacritic.com/game/pc/tom-clancys-hawx
21940	World in Conflict - Demo	http://www.metacritic.com/game/pc/world-in-conflict
21970	R.U.S.E	http://www.metacritic.com/game/pc/ruse
22000	World of Goo	http://www.metacritic.com/game/pc/world-of-goo
22010	World of Goo Demo	http://www.metacritic.com/game/pc/world-of-goo
22100	Mount & Blade	http://www.metacritic.com/game/pc/mount-blade
22110	Mount & Blade Demo	http://www.metacritic.com/game/pc/mount-blade
22130	Hearts of Iron II: Complete	http://www.metacritic.com/game/pc/hearts-of-iron-ii
22150	Europa Universalis III Demo	http://www.metacritic.com/game/pc/europa-universalis-iii
22160	Europa Universalis: Rome - Demo	http://www.metacritic.com/game/pc/europa-universalis-rome---vae-victis
22170	Hearts of Iron II Demo	http://www.metacritic.com/game/pc/hearts-of-iron-ii
22200	Zeno Clash	http://www.metacritic.com/game/pc/zeno-clash
22220	Zeno Clash Demo	http://www.metacritic.com/game/pc/zeno-clash
22230	Rock of Ages	http://www.metacritic.com/game/pc/rock-of-ages
22320	The Elder Scrolls III: Morrowind	http://www.metacritic.com/game/pc/the-elder-scrolls-iii-morrowind
22350	BRINK	http://www.metacritic.com/game/pc/brink
22360	BRINK Spec Ops DLC	http://www.metacritic.com/game/pc/brink
22362	BRINK Doom Pack DLC	http://www.metacritic.com/game/pc/brink
22450	Hunted: The Demon's Forge	http://www.metacritic.com/game/pc/hunted-the-demons-forge
22600	Worms Reloaded	http://www.metacritic.com/game/pc/worms-reloaded
22610	Alien Breed: Impact	http://www.metacritic.com/game/pc/alien-breed-impact
22620	Alien Breed: Impact Demo	http://www.metacritic.com/game/pc/alien-breed-impact
22650	Alien Breed 2: Assault	http://www.metacritic.com/game/pc/alien-breed-2-assault
22660	Alien Breed 2: Assault Demo	http://www.metacritic.com/game/pc/alien-breed-2-assault
22670	Alien Breed 3: Descent	http://www.metacritic.com/game/pc/alien-breed-3-descent
22680	Alien Breed 3: Descent Demo	http://www.metacritic.com/game/pc/alien-breed-3-descent
22690	Worms Reloaded Demo	http://www.metacritic.com/game/pc/worms-reloaded
23100	Buccaneer: The Pursuit of Infamy	http://www.metacritic.com/game/pc/buccaneer-the-pursuit-of-infamy
23110	Buccaneer: The Pursuit of Infamy Demo	http://www.metacritic.com/game/pc/buccaneer-the-pursuit-of-infamy
23120	Droplitz	http://www.metacritic.com/game/pc/droplitz
23130	Mole Control	http://www.metacritic.com/game/pc/mole-control
23160	Mole Control - Demo	http://www.metacritic.com/game/pc/mole-control
23200	I-Fluid	http://www.metacritic.com/game/pc/i-fluid
23310	The Last Remnant	http://www.metacritic.com/game/pc/the-last-remnant
23380	Gyromancer	http://www.metacritic.com/game/pc/gyromancer
23400	Imperium Romanum: Gold Edition	http://www.metacritic.com/game/pc/imperium-romanum
23410	Imperium Romanum: Gold Edition Demo	http://www.metacritic.com/game/pc/imperium-romanum
23420	Europa Universalis: Rome - Gold Edition	http://www.metacritic.com/game/pc/europa-universalis-rome---vae-victis
23450	Grand Ages: Rome	http://www.metacritic.com/game/pc/grand-ages-rome
23460	Ceville	http://www.metacritic.com/game/pc/ceville
23470	Grand Ages: Rome - Demo	http://www.metacritic.com/game/pc/grand-ages-rome
23490	Tropico 3 - Steam Special Edition	http://www.metacritic.com/game/pc/tropico-3
23500	Puzzle Quest: Galactrix	http://www.metacritic.com/game/pc/puzzle-quest-galactrix
23530	Earth Defense Force: Insect Armageddon	http://www.metacritic.com/game/pc/earth-defense-force-insect-armageddon
23600	Depths of Peril	http://www.metacritic.com/game/pc/depths-of-peril
23610	Depths of Peril Demo	http://www.metacritic.com/game/pc/depths-of-peril
24200	DC Universe Online	http://www.metacritic.com/game/pc/dc-universe-online
24420	Aquaria	http://www.metacritic.com/game/pc/aquaria
24460	King Arthur - Fallen Champions	http://www.metacritic.com/game/pc/king-arthur-fallen-champions
24480	King Arthur II - The Role-playing Wargame	http://www.metacritic.com/game/pc/king-arthur-ii-the-role-playing-wargame
24500	Dreamkiller	http://www.metacritic.com/game/pc/dreamkiller
24710	Red Alert 3 Demo	http://www.metacritic.com/game/pc/command-conquer-red-alert-3
24720	Spore: Galactic Adventures	http://www.metacritic.com/game/pc/spore-galactic-adventures
24740	Burnout Paradise: The Ultimate Box	http://www.metacritic.com/game/pc/burnout-paradise-the-ultimate-box
24790	Command and Conquer 3: Tiberium Wars	http://www.metacritic.com/game/pc/command-conquer-3-tiberium-wars
24800	Command and Conquer: Red Alert 3 - Uprising	http://www.metacritic.com/game/pc/command-conquer-red-alert-3---uprising
24810	Command and Conquer 3: Kane's Wrath	http://www.metacritic.com/game/pc/command-conquer-3-kanes-wrath
24840	Medal of Honor: Airborne	http://www.metacritic.com/game/pc/medal-of-honor-airborne
24860	Battlefield 2	http://www.metacritic.com/game/pc/battlefield-2
24870	Need for Speed: SHIFT	http://www.metacritic.com/game/pc/need-for-speed-shift
25600	Eschalon: Book 1	http://www.metacritic.com/game/pc/eschalon-book-i
25610	Eschalon: Book I - Demo	http://www.metacritic.com/game/pc/eschalon-book-i
25700	Madballs in...Babo: Invasion	http://www.metacritic.com/game/pc/madballs-in-babo-invasion
25710	Madballs in...Babo: Invasion Demo	http://www.metacritic.com/game/pc/madballs-in-babo-invasion
25800	Europa Universalis III	http://www.metacritic.com/game/pc/europa-universalis-iii
25806	Europa Universalis III: Heir to the Throne	http://www.metacritic.com/game/pc/europa-universalis-iii-heir-to-the-throne
25808	Europa Universalis III: Divine Wind	http://www.metacritic.com/game/pc/europa-universalis-iii-divine-wind
25830	Knights of Honor	http://www.metacritic.com/game/pc/knights-of-honor
25850	Elven Legacy	http://www.metacritic.com/game/pc/elven-legacy
25860	Sword of the Stars	http://www.metacritic.com/game/pc/sword-of-the-stars-a-murder-of-crows
25880	Elven Legacy - Demo	http://www.metacritic.com/game/pc/elven-legacy
25890	Hearts of Iron III	http://www.metacritic.com/game/pc/hearts-of-iron-iii
25900	King's Bounty: The Legend	http://www.metacritic.com/game/pc/kings-bounty-the-legend
25930	East India Company	http://www.metacritic.com/game/pc/east-india-company
25980	Majesty 2	http://www.metacritic.com/game/pc/majesty-2-the-fantasy-kingdom-sim
26000	The Maw	http://www.metacritic.com/game/pc/the-maw
26010	The Maw Demo	http://www.metacritic.com/game/pc/the-maw
26500	Cogs	http://www.metacritic.com/game/pc/cogs
26510	Cogs Demo	http://www.metacritic.com/game/pc/cogs
26800	Braid	http://www.metacritic.com/game/pc/braid
26810	Braid Demo	http://www.metacritic.com/game/pc/braid
26900	Crayon Physics Deluxe	http://www.metacritic.com/game/pc/crayon-physics-deluxe
26910	Crayon Physics Deluxe Demo	http://www.metacritic.com/game/pc/crayon-physics-deluxe
27000	The Path	http://www.metacritic.com/game/pc/the-path
27040	The Path - Prologue	http://www.metacritic.com/game/pc/the-path
27220	Divinity II - Ego Draconis	http://www.metacritic.com/game/pc/divinity-ii-ego-draconis
27330	Blacklight: Tango Down	http://www.metacritic.com/game/pc/blacklight-tango-down
27400	Dangerous High School Girls in Trouble!	http://www.metacritic.com/game/pc/dangerous-high-school-girls-in-trouble
27600	MEVO & the Grooveriders	http://www.metacritic.com/game/pc/mevo-the-grooveriders
27610	MEVO & the Grooveriders Demo	http://www.metacritic.com/game/pc/mevo-the-grooveriders
27900	Twin Sector	http://www.metacritic.com/game/pc/twin-sector
27910	Twin Sector Demo	http://www.metacritic.com/game/pc/twin-sector
27940	Dead Horde	http://www.metacritic.com/game/pc/dead-horde
29160	Blueberry Garden	http://www.metacritic.com/game/pc/blueberry-garden
29170	Blueberry Garden Demo	http://www.metacritic.com/game/pc/blueberry-garden
29180	Osmos	http://www.metacritic.com/game/pc/osmos
29200	Osmos Demo	http://www.metacritic.com/game/pc/osmos
29540	Guild Wars: Game of the Year Edition	http://www.metacritic.com/game/pc/guild-wars
29560	Guild Wars: Factions	http://www.metacritic.com/game/pc/guild-wars-factions
29580	Guild Wars: Nightfall	http://www.metacritic.com/game/pc/guild-wars-nightfall
29600	Guild Wars: Game of the Year	http://www.metacritic.com/game/pc/guild-wars
29610	Guild Wars: Factions	http://www.metacritic.com/game/pc/guild-wars-factions
29630	Guild Wars: Nightfall	http://www.metacritic.com/game/pc/guild-wars-nightfall
29700	Guild Wars: Eye of the North	http://www.metacritic.com/game/pc/guild-wars-eye-of-the-north
29900	Dark Sector	http://www.metacritic.com/game/pc/dark-sector
31120	Wallace & Gromit Ep 3: Muzzled!	http://www.metacritic.com/game/pc/wallace-gromits-grand-adventures-episode-3-muzzled!
31130	Wallace & Gromit Ep 4: The Bogey Man	http://www.metacritic.com/game/pc/wallace-gromits-grand-adventures-episode-4-the-bogey-man
31170	Tales of Monkey Island: Chapter 1 - Launch of the Screaming Narwhal	http://www.metacritic.com/game/pc/tales-of-monkey-island-chapter-1-launch-of-the-screaming-narwhal
31180	Tales of Monkey Island: Chapter 2 - The Siege of Spinner Cay 	http://www.metacritic.com/game/pc/tales-of-monkey-island-chapter-1-launch-of-the-screaming-narwhal
31190	Tales of Monkey Island: Chapter 3 - Lair of the Leviathan 	http://www.metacritic.com/game/pc/tales-of-monkey-island-chapter-1-launch-of-the-screaming-narwhal
31200	Tales of Monkey Island: Chapter 4 - The Trial and Execution of Guybrush Threepwood 	http://www.metacritic.com/game/pc/tales-of-monkey-island-chapter-1-launch-of-the-screaming-narwhal
31210	Tales of Monkey Island: Chapter 5 - Rise of the Pirate God	http://www.metacritic.com/game/pc/tales-of-monkey-island-chapter-1-launch-of-the-screaming-narwhal
31270	Puzzle Agent	http://www.metacritic.com/game/pc/puzzle-agent
31280	Poker Night at the Inventory	http://www.metacritic.com/game/pc/poker-night-at-the-inventory
31289	Poker Night	http://www.metacritic.com/game/pc/poker-night-at-the-inventory
31290	Back to the Future: Ep 1 - It's About Time	http://www.metacritic.com/game/pc/back-to-the-future-the-game---episode-i-its-about-time
31300	Tunnel Rats 1968	http://www.metacritic.com/game/pc/tunnel-rats-1968
31700	Iron Grip: Warlord	http://www.metacritic.com/game/pc/iron-grip-warlord
31710	Iron Grip: Warlord - Demo	http://www.metacritic.com/game/pc/iron-grip-warlord
31800	Nancy Drew: Danger By Design	http://www.metacritic.com/game/pc/nancy-drew-danger-by-design
31810	Nancy Drew: Last Train to Blue Moon Canyon	http://www.metacritic.com/game/pc/nancy-drew-last-train-to-blue-moon-canyon
31820	Nancy Drew: The Haunted Carousel	http://www.metacritic.com/game/pc/nancy-drew-the-haunted-carousel
31830	Nancy Drew: Curse of Blackmoor Manor 	http://www.metacritic.com/game/pc/nancy-drew-curse-of-blackmoor-manor
31840	Nancy Drew: Danger on Deception Island 	http://www.metacritic.com/game/pc/nancy-drew-danger-on-deception-island
31860	Nancy Drew: Legend of the Crystal Skull 	http://www.metacritic.com/game/pc/nancy-drew-legend-of-the-crystal-skull
31880	Nancy Drew: Secret of the Old Clock	http://www.metacritic.com/game/pc/nancy-drew-secret-of-the-old-clock
31900	Nancy Drew: The Creature of Kapu Cave	http://www.metacritic.com/game/pc/nancy-drew-the-creature-of-kapu-cave
31910	Nancy Drew: The Haunting of Castle Malloy	http://www.metacritic.com/game/pc/nancy-drew-the-haunting-of-castle-malloy
31920	Nancy Drew: The Phantom of Venice	http://www.metacritic.com/game/pc/nancy-drew-the-phantom-of-venice
31930	Nancy Drew: The White Wolf of Icicle Creek	http://www.metacritic.com/game/pc/nancy-drew-the-white-wolf-of-icicle-creek
31940	Nancy Drew: Legend of the Crystal Skull Demo	http://www.metacritic.com/game/pc/nancy-drew-legend-of-the-crystal-skull
31950	Nancy Drew: The Creature of Kapu Cave Demo	http://www.metacritic.com/game/pc/nancy-drew-the-creature-of-kapu-cave
31960	Nancy Drew: The Phantom of Venice Demo	http://www.metacritic.com/game/pc/nancy-drew-the-phantom-of-venice
31970	Nancy Drew: The White Wolf of Icicle Creek Demo	http://www.metacritic.com/game/pc/nancy-drew-the-white-wolf-of-icicle-creek
31980	Nancy Drew: Ransom of the Seven Ships 	http://www.metacritic.com/game/pc/nancy-drew-the-ransom-of-the-seven-ships
31990	Nancy Drew: Ransom of the Seven Ships - Demo	http://www.metacritic.com/game/pc/nancy-drew-the-ransom-of-the-seven-ships
32330	LEGO Indiana Jones: The Original Adventures	http://www.metacritic.com/game/pc/lego-indiana-jones-the-original-adventures
32350	Star Wars Starfighter	http://www.metacritic.com/game/pc/star-wars-starfighter
32360	The Secret of Monkey Island: Special Edition	http://www.metacritic.com/game/pc/the-secret-of-monkey-island-special-edition
32370	Star Wars: Knights of the Old Republic	http://www.metacritic.com/game/pc/star-wars-knights-of-the-old-republic
32380	Star Wars Jedi Knight: Dark Forces II	http://www.metacritic.com/game/pc/star-wars-jedi-knight-dark-forces-ii
32410	Lucidity	http://www.metacritic.com/game/pc/lucidity
32420	Star Wars The Clone Wars: Republic Heroes	http://www.metacritic.com/game/pc/star-wars-the-clone-wars-republic-heroes
32430	Star Wars: The Force Unleashed Ultimate Sith Edition	http://www.metacritic.com/game/pc/star-wars-the-force-unleashed---ultimate-sith-edition
32440	Lego Star Wars Saga	http://www.metacritic.com/game/pc/lego-star-wars
32450	Lego Indiana Jones 2	http://www.metacritic.com/game/pc/lego-indiana-jones-2-the-adventure-continues
32460	Monkey Island 2: Special Edition	http://www.metacritic.com/game/pc/monkey-island-2-special-edition-lechucks-revenge
32500	Star Wars: The Force Unleashed II	http://www.metacritic.com/game/pc/star-wars-the-force-unleashed-ii
32510	Lego Star Wars 3: The Clone Wars	http://www.metacritic.com/game/pc/lego-star-wars-iii-the-clone-wars
32640	Delta Force: Land Warrior	http://www.metacritic.com/game/pc/delta-force-land-warrior
32650	Delta Force: Task Force Dagger	http://www.metacritic.com/game/pc/delta-force-task-force-dagger
32660	Delta Force: Xtreme	http://www.metacritic.com/game/pc/delta-force-xtreme
32670	Delta Force: Black Hawk Down	http://www.metacritic.com/game/pc/delta-force-black-hawk-down
32680	Delta Force: Black Hawk Down - Team Sabre	http://www.metacritic.com/game/pc/delta-force---black-hawk-down-team-sabre
32690	Joint Operations: Typhoon Rising	http://www.metacritic.com/game/pc/joint-operations-typhoon-rising
32700	Joint Operations: Escalation	http://www.metacritic.com/game/pc/joint-operations-escalation
32750	Comanche 4	http://www.metacritic.com/game/pc/comanche-4
32800	The Lord of the Rings: War in the North	http://www.metacritic.com/game/pc/the-lord-of-the-rings-war-in-the-north
32900	Restaurant Empire II	http://www.metacritic.com/game/pc/restaurant-empire-ii
33210	Dawn of Discovery	http://www.metacritic.com/game/pc/dawn-of-discovery
33250	Anno 1404	http://www.metacritic.com/game/pc/dawn-of-discovery
33260	Heroes Over Europe	http://www.metacritic.com/game/pc/heroes-over-europe
33320	Prince of Persia: The Forgotten Sands	http://www.metacritic.com/game/pc/prince-of-persia-the-forgotten-sands
33340	Dawn of Discovery - Venice	http://www.metacritic.com/game/pc/dawn-of-discovery-venice
33350	Anno 1404: Venice	http://www.metacritic.com/game/pc/dawn-of-discovery-venice
33390	Zeit²	http://www.metacritic.com/game/pc/zeit-squared
33400	Zeit² Demo	http://www.metacritic.com/game/pc/zeit-squared
33420	Call of Juarez: The Cartel	http://www.metacritic.com/game/pc/call-of-juarez-the-cartel
33440	Driver San Francisco	http://www.metacritic.com/game/pc/driver-san-francisco
33460	From Dust	http://www.metacritic.com/game/pc/from-dust
33560	Tropico 3 - Demo	http://www.metacritic.com/game/pc/tropico-3
33570	Patrician III	http://www.metacritic.com/game/pc/patrician-iii-rise-of-the-hanse
33600	Broken Sword II: The Smoking Mirror	http://www.metacritic.com/game/pc/broken-sword-the-smoking-mirror
33610	Broken Sword III: The Sleeping Dragon	http://www.metacritic.com/game/pc/broken-sword-the-sleeping-dragon
33670	Disciples III: Renaissance	http://www.metacritic.com/game/pc/disciples-iii-renaissance
33990	AlternativA	http://www.metacritic.com/game/pc/alternativa
34030	Napoleon: Total War	http://www.metacritic.com/game/pc/napoleon-total-war
34400	NecroVisioN - Demo	http://www.metacritic.com/game/pc/necrovision
34410	Death to Spies: Moment of Truth	http://www.metacritic.com/game/pc/death-to-spies-moment-of-truth
34440	Sid Meier's Civilization IV	http://www.metacritic.com/game/pc/sid-meiers-civilization-iv
34450	Sid Meier's Civilization IV: Warlords	http://www.metacritic.com/game/pc/sid-meiers-civilization-iv-warlords
34460	Sid Meier's Civilization IV: Beyond the Sword	http://www.metacritic.com/game/pc/sid-meiers-civilization-iv-beyond-the-sword
34470	Sid Meier's Civilization IV: Colonization	http://www.metacritic.com/game/pc/sid-meiers-civilization-iv-colonization
34500	Light of Altair	http://www.metacritic.com/game/pc/light-of-altair
34510	Light of Altair Demo	http://www.metacritic.com/game/pc/light-of-altair
34600	Order of War	http://www.metacritic.com/game/pc/order-of-war
34620	Order of War - Demo	http://www.metacritic.com/game/pc/order-of-war
34630	Massive Assault	http://www.metacritic.com/game/pc/massive-assault
34650	Massive Assault Network 2	http://www.metacritic.com/game/pc/massive-assault-network-2
34660	Massive Assault Network 2 - Demo	http://www.metacritic.com/game/pc/massive-assault-network-2
34800	Chronicles of Mystery: The Scorpio Ritual	http://www.metacritic.com/game/pc/chronicles-of-mystery-the-scorpio-ritual
34830	Sniper: Ghost Warrior	http://www.metacritic.com/game/pc/sniper-ghost-warrior
34842	Sniper: Ghost Warrior - Second Strike Pack	http://www.metacritic.com/game/pc/sniper-ghost-warrior
34920	Razor2: Hidden Skies	http://www.metacritic.com/game/pc/razor-2-hidden-skies
34930	Razor2: Hidden Skies - Demo	http://www.metacritic.com/game/pc/razor-2-hidden-skies
35000	Mini Ninjas	http://www.metacritic.com/game/pc/mini-ninjas
35010	Batman: Arkham Asylum	http://www.metacritic.com/game/pc/batman-arkham-asylum
35020	Batman: Arkham Asylum - Demo	http://www.metacritic.com/game/pc/batman-arkham-asylum
35050	Mini Ninjas - Demo	http://www.metacritic.com/game/pc/mini-ninjas
35130	Lara Croft and the Guardian of Light	http://www.metacritic.com/game/pc/lara-croft-and-the-guardian-of-light
35140	Batman: Arkham Asylum GOTY Edition	http://www.metacritic.com/game/pc/batman-arkham-asylum
35150	Lara Croft and the Guardian of Light Demo	http://www.metacritic.com/game/pc/lara-croft-and-the-guardian-of-light
35700	Trine	http://www.metacritic.com/game/pc/trine
35710	Trine Demo	http://www.metacritic.com/game/pc/trine
35720	Trine 2	http://www.metacritic.com/game/pc/trine-2
36620	Forsaken World 	http://www.metacritic.com/game/pc/forsaken-world
36630	Rusty Hearts	http://www.metacritic.com/game/pc/rusty-hearts
37000	The Void	http://www.metacritic.com/game/pc/the-void
37010	Ninja Blade	http://www.metacritic.com/game/pc/ninja-blade
37030	UFO: Extraterrestrials Gold	http://www.metacritic.com/game/pc/ufo-extraterrestrials
37260	Emerald City Confidential	http://www.metacritic.com/game/pc/emerald-city-confidential
37400	Time Gentlemen, Please!	http://www.metacritic.com/game/pc/time-gentlemen-please!
37410	Time Gentlemen, Please! - Demo	http://www.metacritic.com/game/pc/time-gentlemen-please!
37420	Ben There, Dan That!	http://www.metacritic.com/game/pc/time-gentlemen-please!
37700	Darkest of Days	http://www.metacritic.com/game/pc/darkest-of-days
37710	Darkest of Days - Demo	http://www.metacritic.com/game/pc/darkest-of-days
37800	QuantZ	http://www.metacritic.com/game/pc/quantz
37810	QuantZ Demo	http://www.metacritic.com/game/pc/quantz
38210	Roogoo	http://www.metacritic.com/game/pc/roogoo
38220	Section 8	http://www.metacritic.com/game/pc/section-8
38230	Hotel Giant 2	http://www.metacritic.com/game/pc/hotel-giant-2
38400	Fallout	http://www.metacritic.com/game/pc/fallout
38410	Fallout 2	http://www.metacritic.com/game/pc/fallout-2
38420	Fallout Tactics	http://www.metacritic.com/game/pc/fallout-tactics-brotherhood-of-steel
38440	Sacrifice	http://www.metacritic.com/game/pc/sacrifice
38460	MDK 2	http://www.metacritic.com/game/pc/mdk2
38700	Toki Tori	http://www.metacritic.com/game/pc/toki-tori
38710	Toki Tori Demo	http://www.metacritic.com/game/pc/toki-tori
38740	EDGE	http://www.metacritic.com/game/pc/edge
38750	EDGE Demo	http://www.metacritic.com/game/pc/edge
38830	CrimeCraft GangWars	http://www.metacritic.com/game/pc/crimecraft-bleedout
38900	Rhythm Zone	http://www.metacritic.com/game/pc/rhythm-zone
38910	Rhythm Zone - Demo	http://www.metacritic.com/game/pc/rhythm-zone
39100	Gyromancer Demo	http://www.metacritic.com/game/pc/gyromancer
39120	RIFT™	http://www.metacritic.com/game/pc/rift
39160	Dungeon Siege III	http://www.metacritic.com/game/pc/dungeon-siege-iii
39190	Dungeon Siege	http://www.metacritic.com/game/pc/dungeon-siege
39200	Dungeon Siege 2	http://www.metacritic.com/game/pc/dungeon-siege-ii
39230	Dungeon Siege III Demo	http://www.metacritic.com/game/pc/dungeon-siege-iii
39250	FINAL FANTASY XI: Ultimate Collection - Abyssea Edition	http://www.metacritic.com/game/pc/final-fantasy-xi
39500	Gothic 3	http://www.metacritic.com/game/pc/gothic-3
39510	Gothic II: Gold Edition	http://www.metacritic.com/game/pc/gothic-ii
39540	Spellforce: Platinum Edition	http://www.metacritic.com/game/pc/spellforce-the-order-of-dawn
39550	Spellforce 2: Gold Edition	http://www.metacritic.com/game/pc/spellforce-2-shadow-wars
39560	Painkiller: Resurrection	http://www.metacritic.com/game/pc/painkiller-resurrection
39590	Painkiller: Resurrection - Demo	http://www.metacritic.com/game/pc/painkiller-resurrection
39630	AquaNox	http://www.metacritic.com/game/pc/aquanox
39640	AquaNox 2: Revelation	http://www.metacritic.com/game/pc/aquanox-2-revelation
39650	The Guild II	http://www.metacritic.com/game/pc/the-guild-2
39660	The Guild II - Pirates of the European Seas	http://www.metacritic.com/game/pc/the-guild-2-pirates-of-the-high-seas
39670	Chaser	http://www.metacritic.com/game/pc/chaser
39680	The Guild II: Renaissance	http://www.metacritic.com/game/pc/the-guild-2-renaissance
39690	ArcaniA – Gothic 4	http://www.metacritic.com/game/pc/arcania-gothic-4
39710	Line Rider 2: Unbound	http://www.metacritic.com/game/pc/line-rider-2-unbound
40100	Supreme Commander 2	http://www.metacritic.com/game/pc/supreme-commander-2
40140	Supreme Commander 2 - Demo	http://www.metacritic.com/game/pc/supreme-commander-2
40320	Rush for Berlin: Gold Edition	http://www.metacritic.com/game/pc/rush-for-berlin
40340	Secret Files: Puritas Cordis	http://www.metacritic.com/game/pc/secret-files-2-puritas-cordis
40350	Lost Horizon	http://www.metacritic.com/game/pc/lost-horizon
40360	Lost Horizon - Demo	http://www.metacritic.com/game/pc/lost-horizon
40380	Nail'd	http://www.metacritic.com/game/pc/naild
40390	Risen 2 - Dark Waters	http://www.metacritic.com/game/pc/risen-2-dark-waters
40400	AI War: Fleet Command	http://www.metacritic.com/game/pc/ai-war-fleet-command
40410	AI War: Fleet Command - Demo	http://www.metacritic.com/game/pc/ai-war-fleet-command
40420	Tidalis	http://www.metacritic.com/game/pc/tidalis
40430	Tidalis Demo	http://www.metacritic.com/game/pc/tidalis
40700	Machinarium	http://www.metacritic.com/game/pc/machinarium
40710	Machinarium Demo	http://www.metacritic.com/game/pc/machinarium
40800	Super Meat Boy	http://www.metacritic.com/game/pc/super-meat-boy
40920	NBA 2K10	http://www.metacritic.com/game/pc/nba-2k10
40930	The Misadventures of P.B. Winterbottom	http://www.metacritic.com/game/pc/the-misadventures-of-pb-winterbottom
41050	Serious Sam Classic: The First Encounter	http://www.metacritic.com/game/pc/serious-sam-the-first-encounter
41060	Serious Sam Classic: The Second Encounter	http://www.metacritic.com/game/pc/serious-sam-the-second-encounter
41070	Serious Sam 3: BFE	http://www.metacritic.com/game/pc/serious-sam-3-bfe
41210	Eufloria	http://www.metacritic.com/game/pc/eufloria
41220	Eufloria - Demo	http://www.metacritic.com/game/pc/eufloria
41300	Altitude	http://www.metacritic.com/game/pc/altitude
41310	Altitude - Demo	http://www.metacritic.com/game/pc/altitude
41500	Torchlight	http://www.metacritic.com/game/pc/torchlight
41510	Torchlight Demo	http://www.metacritic.com/game/pc/torchlight
41700	S.T.A.L.K.E.R.: Call of Pripyat	http://www.metacritic.com/game/pc/stalker-call-of-pripyat
41730	Ion Assault	http://www.metacritic.com/game/pc/ion-assault
41800	Gratuitous Space Battles	http://www.metacritic.com/game/pc/gratuitous-space-battles
41810	Gratuitous Space Battles - Demo	http://www.metacritic.com/game/pc/gratuitous-space-battles
41900	The Bard's Tale	http://www.metacritic.com/game/pc/the-bards-tale
42140	Hamilton's Great Adventure	http://www.metacritic.com/game/pc/hamiltons-great-adventure
42160	War of the Roses: Kingmaker	http://www.metacritic.com/game/pc/war-of-the-roses
42170	Krater	http://www.metacritic.com/game/pc/krater
42190	Hamilton's Great Adventure Demo	http://www.metacritic.com/game/pc/hamiltons-great-adventure
42200	Nancy Drew Dossier: Resorting to Danger!	http://www.metacritic.com/game/pc/nancy-drew-dossier-resorting-to-danger
42650	Transformers: War for Cybertron	http://www.metacritic.com/game/pc/transformers-war-for-cybertron
42660	Shrek Forever After 	http://www.metacritic.com/game/pc/shrek-forever-after
42670	Singularity	http://www.metacritic.com/game/pc/singularity
42800	East India Company: Privateer	http://www.metacritic.com/game/pc/east-india-company-privateer
42870	Rise of Prussia	http://www.metacritic.com/game/pc/rise-of-prussia
42890	Sword of the Stars Complete Collection	http://www.metacritic.com/game/pc/sword-of-the-stars-a-murder-of-crows
42900	Semper Fi Expansion	http://www.metacritic.com/game/pc/hearts-of-iron-iii-semper-fi
42902	Hearts of Iron III Semper Fi: Dies Irae Gotterdammerung	http://www.metacritic.com/game/pc/hearts-of-iron-iii-semper-fi
42910	Magicka	http://www.metacritic.com/game/pc/magicka
42920	The Kings' Crusade	http://www.metacritic.com/game/pc/the-kings-crusade
42950	Elven Legacy: Ranger	http://www.metacritic.com/game/pc/elven-legacy-ranger
42960	Victoria II	http://www.metacritic.com/game/pc/victoria-ii
42968	Victoria II - A House Divided	http://www.metacritic.com/game/pc/victoria-ii-a-house-divided
42990	Sword of the Stars II: Enhanced Edition	http://www.metacritic.com/game/pc/sword-of-the-stars-ii-lords-of-winter-enhanced-edition
43000	Front Mission Evolved	http://www.metacritic.com/game/pc/front-mission-evolved
43110	Metro 2033	http://www.metacritic.com/game/pc/metro-2033
43500	M.U.D. TV	http://www.metacritic.com/game/pc/mud-tv
43600	Nancy Drew: Warnings at Waverly Academy	http://www.metacritic.com/game/pc/nancy-drew-warnings-at-waverly-academy
44200	Galcon Fusion	http://www.metacritic.com/game/pc/galcon-fusion
44205	Galcon Fusion Demo	http://www.metacritic.com/game/pc/galcon-fusion
44300	DiRT 2 - Demo	http://www.metacritic.com/game/pc/dirt-2
44310	F1 2010™	http://www.metacritic.com/game/pc/f1-2010
44320	DiRT 3	http://www.metacritic.com/game/pc/dirt-3
44360	F1 2011	http://www.metacritic.com/game/pc/f1-2011
44680	Race Injection	http://www.metacritic.com/game/pc/race-injection
44690	GT Legends	http://www.metacritic.com/game/pc/gt-legends
45000	Sol Survivor	http://www.metacritic.com/game/pc/sol-survivor
45010	Sol Survivor Demo	http://www.metacritic.com/game/pc/sol-survivor
45300	Wings of Prey	http://www.metacritic.com/game/pc/wings-of-prey
45310	Wings of Prey Demo	http://www.metacritic.com/game/pc/wings-of-prey
45450	Fortix 2	http://www.metacritic.com/game/pc/fortix-2
45460	Fortix 2 - Demo	http://www.metacritic.com/game/pc/fortix-2
45700	Devil May Cry 4	http://www.metacritic.com/game/pc/devil-may-cry-4
45710	Dark Void	http://www.metacritic.com/game/pc/dark-void
45720	Lost Planet: Extreme Condition - Colonies Edition	http://www.metacritic.com/game/pc/lost-planet-extreme-condition-colonies-edition
45750	Lost Planet 2	http://www.metacritic.com/game/pc/lost-planet-2
45760	Super Street Fighter IV: Arcade Edition	http://www.metacritic.com/game/pc/super-street-fighter-iv-arcade-edition
46000	Bob Came in Pieces	http://www.metacritic.com/game/pc/bob-came-in-pieces
46010	Bob Came in Pieces Demo	http://www.metacritic.com/game/pc/bob-came-in-pieces
46290	Theatre of War	http://www.metacritic.com/game/pc/theatre-of-war
46340	Theatre of War 2: Africa 1943	http://www.metacritic.com/game/pc/theatre-of-war-2-africa-1943
46370	Rig 'n' Roll	http://www.metacritic.com/game/pc/rignroll
46380	Reign: Conflict of Nations	http://www.metacritic.com/game/pc/reign-conflict-of-nations
46410	Avencast	http://www.metacritic.com/game/pc/avencast-rise-of-the-mage
46420	Chrome	http://www.metacritic.com/game/pc/chrome
46430	Chrome: Specforce	http://www.metacritic.com/game/pc/chrome-specforce
46450	Grotesque Tactics: Evil Heroes	http://www.metacritic.com/game/pc/grotesque-tactics-evil-heroes
46500	Syberia	http://www.metacritic.com/game/pc/syberia
46510	Syberia 2	http://www.metacritic.com/game/pc/syberia-ii
46540	Trapped Dead	http://www.metacritic.com/game/pc/trapped-dead
46550	Post Mortem	http://www.metacritic.com/game/pc/post-mortem
46560	Robin Hood	http://www.metacritic.com/game/pc/robin-hood-the-legend-of-sherwood
46570	Grotesque Tactics 2 - Dungeons and Donuts	http://www.metacritic.com/game/pc/grotesque-tactics-2-dungeons-donuts
46750	Dark Fall: Lost Souls	http://www.metacritic.com/game/pc/dark-fall-3-lost-souls
46770	Making History II: The War of the World	http://www.metacritic.com/game/pc/making-history-ii-the-war-of-the-world
46790	Armada 2526	http://www.metacritic.com/game/pc/armada-2526
47410	Stronghold Kingdoms	http://www.metacritic.com/game/pc/stronghold-kingdoms
47540	Puzzle Quest 2	http://www.metacritic.com/game/pc/puzzle-quest-2
47700	Command and Conquer 4: Tiberian Twilight	http://www.metacritic.com/game/pc/command-conquer-4-tiberian-twilight
47780	Dead Space 2	http://www.metacritic.com/game/pc/dead-space-2
47800	RISK Factions	http://www.metacritic.com/game/pc/risk-factions
47860	RISK Factions Demo	http://www.metacritic.com/game/pc/risk-factions
47870	Need for Speed: Hot Pursuit	http://www.metacritic.com/game/pc/need-for-speed-hot-pursuit
47890	The Sims(TM) 3	http://www.metacritic.com/game/pc/the-sims-3
47892	The Sims(TM) 3 World Adventures	http://www.metacritic.com/game/pc/the-sims-3-world-adventures
47893	The Sims(TM) 3 Ambitions	http://www.metacritic.com/game/pc/the-sims-3-ambitions
47894	The Sims(TM) 3 Late Night	http://www.metacritic.com/game/pc/the-sims-3-late-night-expansion-pack
47898	The Sims(TM) 3 Generations	http://www.metacritic.com/game/pc/the-sims-3-generations
47920	Shift 2 Unleashed	http://www.metacritic.com/game/pc/shift-2-unleashed
47930	The Sims(TM) 3 Pets	http://www.metacritic.com/game/pc/the-sims-3-pets
48000	LIMBO	http://www.metacritic.com/game/pc/limbo
48010	LIMBO Demo	http://www.metacritic.com/game/pc/limbo
48160	Tom Clancy's H.A.W.X. 2	http://www.metacritic.com/game/pc/tom-clancys-hawx-2
48180	Tom Clancy's H.A.W.X. 2	http://www.metacritic.com/game/pc/tom-clancys-hawx-2
48210	The Settlers 7: Paths to a Kingdom - Gold Edition	http://www.metacritic.com/game/pc/the-settlers-7-paths-to-a-kingdom
48240	Anno 2070	http://www.metacritic.com/game/pc/anno-2070
48700	Mount & Blade: Warband	http://www.metacritic.com/game/pc/mount-blade-warband
48710	Mount and Blade Warband - Demo	http://www.metacritic.com/game/pc/mount-blade-warband
48720	Mount & Blade: With Fire and Sword	http://www.metacritic.com/game/pc/mount-blade-with-fire-sword
48800	Ship Simulator Extremes	http://www.metacritic.com/game/pc/ship-simulator-extremes
48810	Ship Simulator Extremes Demo	http://www.metacritic.com/game/pc/ship-simulator-extremes
48950	Greed Corp	http://www.metacritic.com/game/pc/greed-corp
49300	Commander: Conquest of the Americas	http://www.metacritic.com/game/pc/commander-conquest-of-the-americas
49330	Pirates of Black Cove	http://www.metacritic.com/game/pc/pirates-of-black-cove
49340	Pirates of Black Cove - Demo	http://www.metacritic.com/game/pc/pirates-of-black-cove
49409	Magic: The Gathering - Duels of the Planeswalkers Teeth of the Predator Unlock	http://www.metacritic.com/game/pc/magic-the-gathering---duels-of-the-planeswalkers
49470	Magic: The Gathering — Duels of the Planeswalkers 2012	http://www.metacritic.com/game/pc/magic-the-gathering---duels-of-the-planeswalkers-2012
49480	Magic: The Gathering — Duels of the Planeswalkers 2012 - Demo	http://www.metacritic.com/game/pc/magic-the-gathering---duels-of-the-planeswalkers-2012
49600	Beat Hazard	http://www.metacritic.com/game/pc/beat-hazard
49610	Beat Hazard Demo	http://www.metacritic.com/game/pc/beat-hazard
49810	CreaVures	http://www.metacritic.com/game/pc/creavures
49900	Plain Sight	http://www.metacritic.com/game/pc/plain-sight
50000	Nimbus	http://www.metacritic.com/game/pc/nimbus
50010	Nimbus Demo	http://www.metacritic.com/game/pc/nimbus
50100	Sid Meier's Civilization V	http://www.metacritic.com/game/pc/sid-meiers-civilization-v
50510	Burn Zombie Burn	http://www.metacritic.com/game/pc/burn-zombie-burn
52003	Mac Portal	http://www.metacritic.com/game/pc/portal
55000	Flotilla	http://www.metacritic.com/game/pc/flotilla
55010	Flotilla Demo	http://www.metacritic.com/game/pc/flotilla
55040	Atom Zombie Smasher 	http://www.metacritic.com/game/pc/atom-zombie-smasher
55050	Atom Zombie Smasher Demo	http://www.metacritic.com/game/pc/atom-zombie-smasher
57200	Puzzle Dimension	http://www.metacritic.com/game/pc/puzzle-dimension
57210	Puzzle Dimension Demo	http://www.metacritic.com/game/pc/puzzle-dimension
57300	Amnesia: The Dark Descent	http://www.metacritic.com/game/pc/amnesia-the-dark-descent
57310	Amnesia: The Dark Descent Demo 	http://www.metacritic.com/game/pc/amnesia-the-dark-descent
57400	Batman: Arkham City™	http://www.metacritic.com/game/pc/batman-arkham-city
57600	Tropico 3: Absolute Power	http://www.metacritic.com/game/pc/tropico-3-absolute-power
57610	Disciples III: Renaissance - Demo	http://www.metacritic.com/game/pc/disciples-iii-renaissance
57620	Patrician IV: Steam Special Edition	http://www.metacritic.com/game/pc/patrician-iv
57630	Patrician IV - Demo	http://www.metacritic.com/game/pc/patrician-iv
57650	DUNGEONS - Steam Special Edition	http://www.metacritic.com/game/pc/dungeons
57680	The First Templar	http://www.metacritic.com/game/pc/the-first-templar
57690	Tropico 4	http://www.metacritic.com/game/pc/tropico-4
57700	Who's That Flying?!	http://www.metacritic.com/game/pc/whos-that-flying!
57710	Dungeons - Demo	http://www.metacritic.com/game/pc/dungeons
57750	Tropico 4 - Demo	http://www.metacritic.com/game/pc/tropico-4
57800	Doc Clock: The Toasted Sandwich of Time	http://www.metacritic.com/game/pc/doc-clock-the-toasted-sandwich-of-time
58200	Jolly Rover	http://www.metacritic.com/game/pc/jolly-rover
58220	Jolly Rover Demo	http://www.metacritic.com/game/pc/jolly-rover
58400	Turba	http://www.metacritic.com/game/pc/turba
58410	Turba Demo	http://www.metacritic.com/game/pc/turba
58510	Cities XL 2011	http://www.metacritic.com/game/pc/cities-xl-2011
58520	Blood Bowl: Legendary Edition	http://www.metacritic.com/game/pc/blood-bowl-legendary-edition
58550	A Game of Thrones - Genesis	http://www.metacritic.com/game/pc/a-game-of-thrones-genesis
58560	Runaway: A Twist of Fate	http://www.metacritic.com/game/pc/runaway-a-twist-of-fate
58570	The Next BIG Thing	http://www.metacritic.com/game/pc/the-next-big-thing
58580	The Next BIG Thing - Demo	http://www.metacritic.com/game/pc/the-next-big-thing
58610	Wargame: European Escalation	http://www.metacritic.com/game/pc/wargame-european-escalation
61000	DCS: Black Shark	http://www.metacritic.com/game/pc/dcs-black-shark
61010	Digital Combat Simulator: A-10C Warthog	http://www.metacritic.com/game/pc/dcs-a-10c-warthog
61220	Battle: Los Angeles	http://www.metacritic.com/game/pc/battle-los-angeles
61510	Age of Wonders 2	http://www.metacritic.com/game/pc/age-of-wonders-ii-the-wizards-throne
61520	Age of Wonders: Shadow Magic	http://www.metacritic.com/game/pc/age-of-wonders-shadow-magic
61700	Might and Magic: Clash of Heroes	http://www.metacritic.com/game/pc/might-magic-clash-of-heroes
61720	Might and Magic: Clash of Heroes - Demo	http://www.metacritic.com/game/pc/might-magic-clash-of-heroes
63000	HOARD	http://www.metacritic.com/game/pc/hoard
63010	HOARD - Demo	http://www.metacritic.com/game/pc/hoard
63110	Alter Ego	http://www.metacritic.com/game/pc/alter-ego
63200	Monday Night Combat	http://www.metacritic.com/game/pc/monday-night-combat
63209	Monday Night Combat	http://www.metacritic.com/game/pc/monday-night-combat
63380	Sniper Elite V2	http://www.metacritic.com/game/pc/sniper-elite-v2
63398	Sniper Elite V2 - The Neudorf Outpost Pack	http://www.metacritic.com/game/pc/sniper-elite-v2
63600	realMyst	http://www.metacritic.com/game/pc/real-myst
63610	Riven	http://www.metacritic.com/game/pc/riven-the-sequel-to-myst
63900	Fantasy Wars	http://www.metacritic.com/game/pc/fantasy-wars
63910	King's Bounty: Crossworlds	http://www.metacritic.com/game/pc/kings-bounty-crossworlds
63940	Men of War: Vietnam	http://www.metacritic.com/game/pc/men-of-war-vietnam
63950	IL-2 Sturmovik: Cliffs of Dover	http://www.metacritic.com/game/pc/il-2-sturmovik-cliffs-of-dover
63960	Theatre of War 3: Korea	http://www.metacritic.com/game/pc/theatre-of-war-3-korea
64000	Men of War: Assault Squad	http://www.metacritic.com/game/pc/men-of-war-assault-squad
65080	Kaptain Brawe	http://www.metacritic.com/game/pc/kaptain-brawe-a-brave-new-world
65090	Kaptain Brawe - Demo	http://www.metacritic.com/game/pc/kaptain-brawe-a-brave-new-world
65300	Dustforce	http://www.metacritic.com/game/pc/dustforce
65500	Aura: Fate of the Ages	http://www.metacritic.com/game/pc/aura-fate-of-the-ages
65520	ArcaniA: Gothic IV - Demo	http://www.metacritic.com/game/pc/arcania-gothic-4
65530	SpellForce 2 - Faith in Destiny	http://www.metacritic.com/game/pc/spellforce-2-faith-in-destiny
65540	Gothic	http://www.metacritic.com/game/pc/gothic
65560	Painkiller: Redemption	http://www.metacritic.com/game/pc/painkiller-redemption
65730	Take On Helicopters	http://www.metacritic.com/game/pc/take-on-helicopters
65800	Dungeon Defenders	http://www.metacritic.com/game/pc/dungeon-defenders
65900	Sid Meier's Civilization V - Demo	http://www.metacritic.com/game/pc/sid-meiers-civilization-v
65950	NBA 2K11	http://www.metacritic.com/game/pc/nba-2k11
67100	Making History II: The War of the World - Demo	http://www.metacritic.com/game/pc/making-history-ii-the-war-of-the-world
70000	Dino D-Day	http://www.metacritic.com/game/pc/dino-d-day
70300	VVVVVV	http://www.metacritic.com/game/pc/vvvvvv
70310	VVVVVV Demo	http://www.metacritic.com/game/pc/vvvvvv
70400	Recettear: An Item Shop's Tale	http://www.metacritic.com/game/pc/recettear-an-item-shops-tale
70410	Recettear: An Item Shop's Tale - Demo	http://www.metacritic.com/game/pc/recettear-an-item-shops-tale
70420	Chantelise	http://www.metacritic.com/game/pc/chantelise-a-tale-of-two-sisters
70430	Chantelise - Demo	http://www.metacritic.com/game/pc/chantelise-a-tale-of-two-sisters
70600	Worms Ultimate Mayhem	http://www.metacritic.com/game/pc/worms-ultimate-mayhem
70650	Worms Blast	http://www.metacritic.com/game/pc/worms-blast
71000	Evochron Mercenary	http://www.metacritic.com/game/pc/evochron-mercenary
71340	Sonic Generations	http://www.metacritic.com/game/pc/sonic-generations
71390	Virtua Tennis 4	http://www.metacritic.com/game/pc/virtua-tennis-4
71420	London 2012: The Official Video Game of the Olympic Games	http://www.metacritic.com/game/pc/london-2012---the-official-video-game-of-the-olympic-games
72000	Closure	http://www.metacritic.com/game/pc/closure
72200	Universe Sandbox	http://www.metacritic.com/game/pc/universe-sandbox
72900	Winter Voices	http://www.metacritic.com/game/pc/winter-voices-prologue-avalanche
72910	Winter Voices - Demo	http://www.metacritic.com/game/pc/winter-voices-prologue-avalanche
73010	Cities in Motion	http://www.metacritic.com/game/pc/cities-in-motion
73050	Magicka - Demo	http://www.metacritic.com/game/pc/magicka
73060	Defenders of Ardania	http://www.metacritic.com/game/pc/defenders-of-ardania
73170	Darkest Hour: A Hearts of Iron Game	http://www.metacritic.com/game/pc/darkest-hour
73190	Pride of Nations	http://www.metacritic.com/game/pc/pride-of-nations
73210	Sengoku	http://www.metacritic.com/game/pc/sengoku
73220	Supreme Ruler Cold War	http://www.metacritic.com/game/pc/supreme-ruler-cold-war
78000	Bejeweled 3	http://www.metacritic.com/game/pc/bejeweled-3
80000	APOX	http://www.metacritic.com/game/pc/apox
80200	Fate of the World	http://www.metacritic.com/game/pc/fate-of-the-world
80310	Gemini Rue	http://www.metacritic.com/game/pc/gemini-rue
80330	The Blackwell Legacy	http://www.metacritic.com/game/pc/the-blackwell-legacy
80360	Blackwell Deception	http://www.metacritic.com/game/pc/blackwell-deception
