902	Dangerous Waters Trailer
903	Darwinia Trailer
904	Half-Life 2 Trailer
905	Half-Life 2: Episode One Trailer
906	Rag Doll Kung Fu Trailer
907	Red Orchestra Trailer
908	Shadowgrounds Trailer
909	Sin Episodes: Emergence Trailer
916	Half-Life 2: Episode Two Trailer
917	Day of Defeat: Jagd Trailer
918	Day of Defeat: Colmar Trailer
922	Portal Trailer
923	Team Fortress 2 Trailer
926	Red Orchestra Lyes Krovy Trailer
927	GTI Racing Trailer
928	SourceForts Trailer
929	Uplink Trailer
930	Half-Life 2: Episode Two Trailer 2
931	Team Fortress 2 Trailer 2
935	Dark Messiah Gameplay Trailer
938	City Life Trailer
939	X3: Reunion Trailer
940	Dark Messiah Launch Trailer
941	Red Orchestra Fall Update Trailer
942	Heroes of Annihilated Empires Trailer
943	Prey Trailer
945	X3: Reunion 2.0 Trailer
946	Gumboy: Crazy Adventures Trailer
947	Eets Trailer
948	Silverfall Trailer
949	Joint Task Force Trailer
950	Hitman: Blood Money Trailer
951	Just Cause Trailer
953	TrackMania United Trailer
954	Runaway, The Dream of The Turtle Trailer
955	Battlestations: Midway Trailer
956	Project: Snowblind Trailer
957	Tomb Raider: Legend Trailer
958	Infernal Trailer
959	Infernal Trailer 1
961	Red Orchestra June 07 New Content Trailer
962	Tomb Raider: Anniversary Trailer
968	Sam & Max 101: Culture Shock Trailer
969	Sam & Max 102: Situation: Comedy Trailer
970	Sam & Max 103: The Mole, the Mob and the Meatball Trailer
971	Sam & Max 104: Abe Lincoln Must Die! Trailer
972	Sam & Max 105: Reality 2.0 Trailer
973	Sam & Max 106: Bright Side of the Moon Trailer
974	Lost Planet: Extreme Condition Trailer
975	Kane & Lynch Trailer 2
976	Kane & Lynch Trailer
977	ThreadSpace: Hyperbol Trailer
978	Titan Quest: Immortal Throne Trailer
979	S.T.A.L.K.E.R.: Shadow of Chernobyl Trailer
980	SpaceForce: Rogue Universe Trailer
981	Civilization IV: Beyond the Sword Trailer
982	Gish Trailer
983	Call of Juarez Trailer
984	Bioshock Trailer
986	Race07 Trailer
988	Kane & Lynch Trailer 3
989	Juiced 2 - Hot Import Nights Trailer
990	Enemy Territory: QUAKE Wars Trailer
991	Loki Trailer
996	Two Worlds Trailer
998	Call of Duty 4: Modern Warfare Trailer
999	Painkiller Overdose Trailer
5001	Overlord Trailer
5002	Clive Barker's Jericho Trailer
5003	Shadowgrounds Survivor Trailer
5004	Alpha Prime Trailer 2
5008	Alpha Prime Trailer
5009	Speedball 2: Tournament Trailer
5010	Universe at War: Earth Assault Trailer
5011	Insurgency Mod Trailer
5013	The Golden Compass Trailer
5014	Frontline: Fuels of War Trailer
5019	The Club Trailer
5020	Warhammer 40,000: Dawn of War â€“ Soulstorm Trailer
5021	Turning Point: Fall of Liberty Trailer
5022	Overlord: Raising Hell Trailer
5023	Frontlines: Fuel of War Multiplayer Trailer
5024	Rainbox Six: Vegas 2 Trailer
5025	Rainbox Six: Vegas Trailer
5026	Tom Clancy's Ghost Recon: Advanced Warfighter 2 Trailer
5027	Tom Clancy's Ghost Recon: Advanced Warfighter Trailer
5028	Unreal Tournament 3 Trailer
5030	Assassin's Creed Trailer
5031	TrackMania Nations Forever Trailer
5038	Sam & Max 201 Trailer
5039	Sam & Max 202 Trailer
5040	Sam & Max 203 Trailer
5041	Sam & Max 204 Trailer
5042	Sam & Max 205 Trailer
5043	Trials 2: Second Edition Trailer
5047	TrackMania United Forever Trailer
5048	GRID Trailer
5049	On the Rain-Slick Precipice of Darkness - Episode One Trailer
5050	Tom Clancy's HAWX Trailer
5052	Far Cry 2 Trailer
5053	Crazy Machines 2 Trailer
5054	Brothers in Arms: Hells Highway Trailer 1
5055	Brothers in Arms: Hells Highway Trailer 2
5060	S.T.A.L.K.E.R.: Clear Sky Atmosphere Trailer
5061	EVE Online - Empyrean Age Trailer
5064	FlatOut: Ultimate Carnage Trailer
5066	Pro Cycling Manager 2008 Trailer
5067	Space Siege Trailer
5068	Multiwinia: Domination Trailer
5069	Red Faction: Guerrilla Destruction Trailer
5070	Dawn of War II: Trailer
5074	Dawn of War II: Leipzig Trailer
5079	Velvet Assassin Trailer
5080	GTR Evolution Trailer
5081	Multiwinia: King of the Hill Trailer
5082	Multiwinia: Capture the Statue Trailer
5083	Crysis Warhead Trailer
5085	Crysis Trailer
5086	Crysis Wars Trailer
5089	The Witcher: Enhanced Trailer
5092	Multiwinia: Assault Trailer
5093	Sid Meier's Civilization IV: Colonization Trailer
5094	Prince of Persia Trailer
5096	City Life 2008 Trailer
5097	STCC: The Game Trailer
5098	Shaun White Debut Trailer
5099	Age of Conan: Hyborian Adventures Trailer
5100	Project Aftermath Trailer
5101	Tomb Raider: Underworld Trailer
5102	Pyroblazer Trailer
5103	Xpand Rally Xtreme Trailer
5104	Pyroblazer Trailer 2
5105	Age of Booty Trailer
5106	Spectraball Trailer
5107	MotoGP 2008 Trailer
5109	D.I.P.R.I.P. Warm Up Trailer
5111	Galactic Bowling Trailer
5113	Bully Trailer
5114	Mare Nostrum Trailer
5115	Saint's Row 2 Trailer
5116	Saint's Row 2 Gangs Trailer
5117	Fallout 3 Trailer
5126	Space Trader Trailer
5127	X3: Terran Conflict Intro Trailer
5133	Silent Hill: Homecoming Intro Trailer
5136	Empire: Total War Trailer
5137	Multiwinia Offical Trailer
5146	On the Rain-Slick Precipice of Darkness, Episode Two Trailer
5147	Call of Duty: World at War Trailer
5151	Eve Online: Quantum Rise Trailer
5153	Defense Grid Trailer
5154	World in Conflict - Teaser Trailer
5155	World in Conflict - Destruction Gameplay Trailer
5157	Prince of Persia Launch Trailer
5158	Spore Trailer
5159	Mass Effect Trailer
5161	Need for Speed: Undercover Trailer
5162	Mirrors Edge Trailer
5163	Dead Space Trailer
5164	Spore Creepy and Cute Trailer
5165	Company of Heroes: Tales of Valor Trailer
5166	Aquaria Trailer
5167	Strong Bad Episode 5: 8-Bit Is Enough Trailer
5168	Strong Bad Episode 3: Baddest of the Bands Trailer
5169	Strong Bad Episode 4: Dangeresque 3 Trailer
5170	Strong Bad Episode 2: Strong Badia the Free Trailer
5172	Quantum of Solace Trailer 1
5173	Quantum of Solace Trailer 2
5174	F.E.A.R 2: Project Origin Trailer 1
5175	F.E.A.R 2: Project Origin Trailer 2
5177	Command and Conquer: Red Alert 3 Trailer 2
5178	Everquest: Secrets of Faydwer Trailer
5179	Everquest: Seeds of Destruction Trailer
5180	Everquest II: Rise of Kunark Trailer
5181	Everquest II: The Shadow Odyssey Trailer
5182	Vanguard: Saga of Heroes Trailer
5183	Pirates of the Burning Sea Trailer
5184	Monster Trucks Nitro Trailer
5190	Grand Ages Rome Trailer 2
5191	Ceville Trailer
5192	The Maw Trailer
5193	Tom Clancy's EndWar Trailer
5194	The Maw: Brute Force Trailer
5195	Tom Clancy's EndWar Launch Trailer
5196	World in Conflict: Soviet Assault Trailer
5197	Empire: Total War Launch Trailer (English)
5198	Empire: Total War Launch Trailer (French)
5199	Empire: Total War Launch Trailer (German)
5200	Empire: Total War Launch Trailer (Dutch)
5201	Empire: Total War Launch Trailer (Polish)
5202	Empire: Total War Launch Trailer (Spanish)
5203	Empire: Total War Launch Trailer (UK)
5204	Unreal Tournament 3 Titan Trailer
5205	Zeno Clash Trailer
5208	Wallace & Gromit's Grand Adventure Teaser Trailer
5209	The Path Trailer
5210	Grey's Anatomy: The Video Game Trailer
5211	Caster Trailer
5213	The Maw - River Redirect Trailer
5214	Drakensang Trailer
5215	Drakensang Trailer (DE)
5216	Far Cry 2: Fortunes Pack Trailer
5217	Obulis Trailer
5218	Osmos Trailer
5219	FLOCK! Trailer 1
5220	FLOCK! Trailer 2
5221	Elven Legacy Trailer
5222	Wheelman Trailer
5223	R.U.S.E Trailer
5227	Battlestations Pacific Trailer
5232	R.U.S.E In-Game Trailer
5233	Savage 2: A Tortured Soul Trailer
5234	Grand Ages Rome - City Building Trailer
5235	Guildwars: Factions Trailer
5236	Guildwars: Nightfall Trailer
5237	City of Heroes Trailer
5242	City of Heroes Intro Trailer
5243	Killing Floor Trailer
5244	Hearts of Iron III Trailer
5245	Street Fighter 4 Trailer
5246	Velvet Assassin Music Trailer
5247	Puzzlegeddon Trailer
5248	Terminator Salvation Trailer
5249	Call of Juarez: Bound in Blood Story Trailer
5251	Necrovision Trailer
5252	The Path Story Trailer
5256	Damnation Steampunk Trailer
5257	Damnation The Levels Trailer
5258	Damnation The Moves Trailer
5259	Red Faction: Guerrilla Tactics Trailer
5261	ARMA 2 Trailer
5262	Prototype Reveal Trailer
5269	FUEL Trailer
5270	FUEL Trailer (UK)
5271	FUEL Trailer (DE)
5272	Overlord II Trailer
5274	Splinter Cell Conviction E3 Trailer
5280	Global Agenda - No Elves Trailer
5281	Mini Ninjas E3 Trailer
5282	Assassins Creed 2 E3 Trailer
5283	Just Cause 2 Trailer
5285	Rogue Warrior Trailer
5286	Oblivion Game of the Year Edition Trailer
5287	Rail Sim Trailer
5288	Prototype Launch Trailer
5290	America's Army 3 Long Trailer
5291	Ghostbusters Trailer
5293	ARMA 2 USMC Trailer
5295	ARMA 2 Citizens Trailer
5296	Cities XL Trailer
5297	Call of Juarez 2: Brothers Trailer
5300	Trine Teaser Trailer
5301	Trine Trailer
5303	Tales of Monkey Island Trailer
5304	Droplitz Trailer
5306	Trine Trailer 3
5309	Bionic Command Rearmed Trailer
5310	Bionic Commando Trailer
5312	Order of War Trailer
5315	X3 Terran Conflict 2.0 Trailer
5316	Anno 1404 Trailer
5317	Anno 1404 Mood Trailer
5322	Divinity 2 - Trailer 1 (English)
5323	Divinity 2 - Trailer 1 (German)
5324	Divinity 2 - Trailer 2 (German)
5325	Divinity 2 - Trailer 2 (English)
5326	Divinity 2 - Trailer 3 (English)
5327	Divinity 2 - Trailer 3 (German)
5328	Cloudy with a Chance of Meatballs - Trailer
5329	Foreign Legion: Buckets of Blood Trailer
5331	Cricket Revolution Trailer
5334	Drug Wars Trailer - No Price
5335	Raven Squad Trailer
5338	Darkest of Days Instructional Trailer
5339	Darkest of Days Trailer
5340	Section 8 Teaser Trailer
5341	Trine Trailer 4
5347	Batman Arkham Asylum Gadgets Trailer
5348	Batman Arkham Asylum Demo Trailer
5349	Ashes Cricket 2009 - Great Players Trailer
5350	Ashes Cricket 2009 - Tunnel Trailer
5351	Ashes Cricket 2009 - World of Cricket Trailer
5353	Wolfenstein Trailer HD
5360	Mini Ninjas - Gameplay Trailer (EU)
5361	Mini Ninjas - Gameplay Trailer (US)
5362	Mini Ninjas - Suzume Trailer (EU)
5363	Mini Ninjas - Suzume Trailer (US)
5364	Crash Time 2 Trailer
5366	Section 8 E3 Trailer
5367	Heroes Over Europe - Ace Kill Trailer
5369	Call of Juarez Bound in Blood - Feature Trailer
5372	Aliens vs Predator Marine Reveal Trailer
5374	World of Zoo Trailer
5375	Nation Red Trailer
5376	Mini Ninjas - Kunoichi Trailer (EU)
5377	Mini Ninjas - Kunoichi Trailer (US)
5378	Mini Ninjas - Launch Trailer (EU)
5379	Mini Ninjas - Launch Trailer (US)
5386	Batman Arkham Asylum Launch Trailer (EU)
5387	Batman Arkham Asylum Launch Trailer
5388	Heroes Over Europe - Multiplayer Trailer
5389	Empire: Total War - Warpath Campaign (English) Trailer
5390	Empire: Total War - Warpath Campaign (Russian) Trailer
5391	Empire: Total War - Warpath Campaign (Italian) Trailer
5392	Napoleon: Total War Trailer
5394	Empire: Total War - Warpath Campaign (German) Trailer
5395	Risen Trailer
5396	Empire: Total War - Warpath Campaign (French) Trailer
5397	Napoleon: Total War (German) Trailer
5398	Napoleon: Total War (French) Trailer
5399	Napoleon: Total War (Polish) Trailer
5400	Napoleon: Total War (Spanish) Trailer
5401	Napoleon: Total War (Italian) Trailer
5402	Napoleon: Total War (Russian) Trailer
5404	Empire: Total War - Warpath Campaign (Polish) Trailer
5405	Empire: Total War - Warpath Campaign (Spanish) Trailer
5409	Modern Warfare 2 - Reveal Trailer
5410	Modern Warfare 2 - MultiPlayer Trailer
5411	Modern Warfare 2 - Gameplay Trailer
5414	Need for Speed SHIFT Trailer
5415	Command & Conquer Red Alert 3 Uprising Trailer
5416	MOHA Trailer
5420	Dreamkiller Trailer
5422	Borderlands Trailer
5424	Metal Drift Trailer
5427	Operation Flashpoint - Dragon Rising Weapons Trailer
5428	Operation Flashpoint - Dragon Rising Multiplayer Trailer
5430	Race On Trailer
5433	Doom Rails Trailer
5434	SAW Trailer
5435	Ninja Blade Trailer
5445	Dragon Age Origins Main Trailer
5446	Dragon Age Origins Gameplay Trailer
5447	Dragon Age Origins Stone Prisoner Trailer
5449	Dragon Age Origins Blood Dragon Armor Trailer
5450	Dragon Age Origins Wardens Keep Trailer
5451	Dragon Age Origins Sacred Ashes_2 Trailer
5453	AI War Trailer
5455	Massive Assault Network 2 Trailer
5456	Massive Assault Phantom Renaissance Trailer
5459	Dangerous High Schools in Trouble Trailer
5460	R.U.S.E. - Pump Fake Strategy Trailer
5461	Torchlight Alchemist Trailer
5462	Torchlight Vanquisher Trailer
5463	Torchlight Destroyer Trailer
5467	Aztaka Trailer
5468	Men of War Red Tide Trailer
5470	Modern Warfare 2 Infamy Trailer
5471	Shattered Horizons Trailer
5472	Zombie Bowl-O-Rama Trailer
5473	Defence Alliance 2 Trailer
5474	East India Company Privateer Trailer
5475	Serious Sam HD Trailer
5476	Killing Floor Level Up Trailer
5477	James Camerons AVATAR - THE GAME Trailer
5478	Command and Conquer 3 Tiberium Wars Trailer
5479	Star Trek DAC Trailer
5480	Sacred 2 Ice and Blood Trailer
5481	Command and Conquer 3 Kanes Wrath Trailer
5483	Shattered Horizon Soundtrack Trailer
5486	Shattered Horizon Escalation Trailer
5487	SpellForce Platinum Trailer
5492	Just Cause 2 No Ordinary Trailer
5494	King Arthur Trailer
5495	Altitude Trailer
5496	Serious Sam HD Happy Trailer
5499	Command & Conquer 4 Announcement Trailer
5500	Shattered Horizon Silent Running Trailer
5501	DiRT 2 Trailer
5502	Kings Bounty Armored Princess Trailer
5503	James Camerons Avatar - The Game - Navi Gameplay Trailer
5504	DiRT 2 Steam Trailer
5505	AI War Trailer with Sound
5507	Blood Bowl Trailer
5510	Star Wars Galaxies Trailer
5513	Star Trek Online Gameplay Trailer
5514	Serious Sam HD Release Trailer
5515	Borderlands Zombie Island DLC Trailer
5516	Crash Time 3 PEGI Trailer
5517	Crash Time 3 PEGI Trailer 2
5518	Mass Effect 2 Trailer
5520	Altitude Trailer 2
5521	Virtua Tennis 2009 Final Trailer
5522	Fallout 3 Operation Achorage Trailer
5523	Fallout 3 Broken Steel Trailer
5524	Fallout 3 Mothership Zeta Trailer
5525	Fallout 3 Point Lookout Trailer
5526	Fallout 3 Bloodless Trailer
5527	EVE Online Dominion Trailer
5529	Everquest Underfoot Trailer
5530	Americas Army 3 Full Trailer
5531	Americas Army 3 Authenticity Trailer
5532	Americas Army 3 Basic Combat Training Trailer
5533	Americas Army 3 New Features Trailer
5534	Americas Army 3 Technology Trailer
5535	Just Cause 2: The Laws of Physics Trailer
5536	Napoleon Trailer - Story Mode
5537	Europa Universalis III Heir to the Throne Trailer
5538	ARMA II Eagle Wing Trailer
5539	Kane and Lynch 2 Trailer
5540	Kane & Lynch 2 Burger Joint Trailer
5541	Zero Gear Trailer
5542	Nuclear Dawn Teaser Trailer
5544	Foreign Legion Buckets of Blood Gameplay Trailer
5546	James Camerons Avatar - The Game - Launch Trailer
5547	Tom Clancy's Splinter Cell Conviction - Co-op Trailer
5549	Just Cause 2  An Island In Chaos Trailer
5550	Dragon Age Origins Awakening Trailer
5551	Dark Void Trailer
5552	Supreme Commander 2 Trailer
5553	Greed Trailer
5554	Vancouver 2010 UK Trailer
5555	Vancouver 2010 Spain Trailer
5556	Vancouver 2010 Italian Trailer
5557	Vancouver 2010 German Trailer
5558	Vancouver 2010 French Trailer
5559	Vancouver 2010 Australian Trailer
5560	Vancouver 2010 Dutch Trailer
5561	Battlefield: Bad Company 2 Squad Story Trailer
5562	AI War The Zenith Remnant Trailer
5563	Greed Gameplay Trailer
5564	Lego Indiana Jones 2 Trailer
5565	Battlefield: Bad Company 2 Limited Edition Unlocks Trailer
5566	Battlefield: Bad Company 2  E3 Trailer
5569	Battlefield: Bad Company 2 Moments Episode One Trailer
5570	Aliens vs. Predator Classic 2000 Trailer
5571	4x4 Hummer Trailer
5572	Lord of the Rings Online Trailer
5573	Warnings at Waverly Academy Trailer
5574	Global Agenda Launch Trailer
5575	Alien Breed Trailer
5576	Galcon Fusion Trailer
5577	Bob Came in Pieces Trailer
5578	Silent Hunter V - Dynamic Campaign Trailer
5579	Mass Effect 2 Launch Trailer
5580	EverQuest II Sentinels Fate Trailer
5581	Toki Tori Trailer
5582	Sonic and SEGA All-Stars Racing Trailer
5583	Secrets of the Magic Crystals Trailer
5584	Order of War Challenge Trailer
5585	Simplz Zoo Trailer
5588	Star Wolves 3 Civil War Trailer
5589	Aliens vs. Predator Story Trailer
5590	Aliens vs. Predator Story Trailer (French)
5591	Aliens vs. Predator Story Trailer (Italian)
5592	Aliens vs. Predator Story Trailer (Spanish)
5593	Metro 2033 Trailer
5594	Speedway League Gameplay Trailer
5595	Order of War Challenge ESRB Trailer
5596	Cake Mania Main Street Trailer
5597	Westward IV Trailer
5598	Iron Roses Trailer
5599	Metro 2033 Third Trailer
5600	Metro 2033 3rd Trailer
5601	Front Mission Evolved Trailer
5602	Stargate Resistance Trailer
5603	The Saboteur Trailer
5604	Shattered Horizon Moonrise Trailer
5605	Shatter Trailer
5606	Super Laser Racer Trailer
5607	Fallout New Vegas Teaser Trailer
5608	Supreme Commander 2 Colossus Trailer
5611	Supreme Commander 2 Bomb Bouncer Unit Trailer
5612	Supreme Commander 2 AC1000 Unit Trailer
5613	Fluttabyes Trailer
5614	KrissX Trailer
5615	KrissX Trailer Actual
5616	Mole Control Trailer
5618	Silent Hunter 5 Trailer
5619	Splinter Cell Conviction Story Trailer
5620	Settlers 7 Economy Tutorial Trailer
5621	Settlers 7 Victory Points Trailer
5622	Just Cause 2 Freedom and Chaos Trailer
5623	Settlers 7 Victory Points ESRB Trailer
5627	Just Cause 2 Demo Trailer Actual 2
5628	Metro 2033 Ghosts of the Metro Trailer Actual
5629	Mole Control Trailer 2
5631	Silent Hunter 5 - Launch Trailer
5632	Prince of Persia Forgotten Sands - Gameplay Reveal Trailer
5633	Silent Hunter 5 - Gameplay Trailer
5634	Sol Survivor Trailer
5635	Sol Survivor Trailer 2
5636	Command and Conquer 4 Cinematics Trailer
5637	Command and Conquer 4 Multiplayer Trailer
5638	Dragon Age Origins Awakening Launch Trailer
5639	MLB 2K10 Trailer
5640	Avencast Trailer
5641	Just Cause 2 Launch Trailer
5642	Batman Game of the Year Edition Trailer
5644	2XL Supercross Trailer
5645	The Scourge Project: Episode 1 and 2 Trailer
5646	Dark Void Zero Trailer
5647	Order of War Challenge Teaser Trailer
5649	The Misadventures of P.B. Winterbottom Trailer
5650	Lead and Gold Launch Trailer
5651	Lead and Gold Trapper Trailer
5652	Supreme Commander 2 Flowfield Trailer
5653	Supreme Commander 2 Multiplayer Trailer
5654	Supreme Commander 2 Story Final Trailer
5655	Supreme Commander 2 Tech and Strategy Trailer
5656	Grand Theft Auto - Episodes from Liberty City Trailer
5657	Lead and Gold Release Trailer
5661	Prince of Persia Forgotten Sands Gameplay Trailer
5663	Wings of Luftwaffe Trailer
5664	ArmA II CDF Trailer
5665	ArmA II NAPA Trailer
5666	M.U.D. TV Trailer
5667	Rise of Prussia Trailer
5668	Im Not Alone Trailer
5669	Worms Reloaded Trailer
5670	Tomb Raider Legend Trailer
5671	Just Cause 2 Launch Trailer - French
5672	Just Cause 2 Launch Trailer - Italian
5673	Just Cause 2 Launch Trailer - Spanish
5674	Aquanox Trailer
5675	Aquanox2 Trailer
5676	Trine Path To New Dawn Trailer
5681	WhisperedWorld Trailer
5682	BoosterTrooper Trailer
5683	Agatha Christie: Murder on the Orient Express Trailer
5684	Agatha Christie: And then there were none Trailer
5685	Agatha Christie: Evil under the sun Trailer
5691	Rocket Knight Launch Trailer
5692	F.E.A.R. Teaser Trailer 1
5693	F.E.A.R. E3 Trailer 1
5694	FEAR - E3 Trailer
5695	FEAR - Teaser Trailer
5696	Iron Grip Warlord Trailer
5699	All Points Bulletin - Trailer
5700	Chrome Trailer 1
5701	Chrome - SpecForce Trailer 1
5702	BLUR Trailer 3
5707	BLUR Trailer 2
5708	Medal of Honor Trailer
5709	DogFighter Trailer 1
5713	Super Meat Boy Trailer 2
5714	Sniper Ghost Warrior Trailer 3
5715	Prince of Persia Forgotten Sands Launch Trailer
5716	Sniper Ghost Warrior Trailer 1.1
5717	Sniper Ghost Warrior Trailer 2.1
5718	Lara Croft Announce Trailer 1
5719	DogFighter Trailer 1.3
5720	F.E.A.R. 3 Trailer
5726	Alien Breed Impact Trailer
5727	Age of Conan - Rise of the Godslayer Trailer
5728	Arma 2 - Operation Arrowhead Trailer
5729	Ziro Steam Trailer
5730	eversion Trailer
5731	Jolly Rover Trailer
5732	Hearts of Iron III - Semper Fi Trailer
5734	Team Fortress 2 - Mac Trailer
5735	Alien Breed Impact Trailer 1.1
5736	Voodoo Dice Singleplayer Trailer
5737	Voodoo Dice Multiplayer Trailer
5743	Red Faction Armageddon Trailer
5775	Transformers Revel Trailer
5776	Shrek Forever After Trailer
5777	Singularity Trailer
5778	TDU2 Trailer
5779	Razor2 Trailer
5784	Harry Potter (Lego) - Trailer
5785	X3 Terran Conflict Trailer 2.6
5793	Alien Breed Impact Co-op Trailer
5794	Arma 2 - Operation Arrowhead Trailer 2
5796	Sacrobar Trailer
5798	Puzzle Agent Trailer
5799	Front Mission Evolved E3 Trailer
5801	Front Mission Evolved Trailer 2
5802	Moon Base Alpha Trailer
5806	Black _Shark_Trailer1
5808	Disciples III - Renaissance Trailer
5809	Future Wars Trailer
5810	MotorM4X Trailer
5811	Rhythm Zone Trailer
5813	Blacklight Tango Down Madness Of War Trailer
5814	Arcania Trailer
5815	Chaser Trailer
5823	Tidalis Launch Trailer
5824	Tidalis Extended Trailer
5830	Burn Zombie Burn Trailer
5832	Rig n Roll Trailer
5833	The Guild 2: Renaissance Trailer
5838	Mafia II - E3 Trailer
5839	Worms Reloaded Trailer 2
5840	Lara Croft Guardian of Light Trailer 2 (PEGI)
5841	DC Universe Online - E3 Trailer
5842	Trainz 2010 Trailer
5843	WMC Twice in a Blue Moon Trailer
5844	Deus Ex Human Revolution Trailer
5845	AC_Dead_Mans_Folly_Trailer
5846	Buried_In_Time_Trailer
5847	DeadTime_Stories_Trailer
5848	Paradise Quest Trailer
5849	Treasures_of_the_Serengeti Trailer
5851	WMC Death_in_Scarlet Trailer
5852	AlterEgo Trailer
5853	Commander - CotA Trailer
5861	Lara Croft Guardian of Light Trailer 2 (ESRB)
5863	The Ball Trailer 1
5868	DC Universe Online Trailer 2
5869	Puzzle Quest 2 Trailer
5870	Dungeon Siege 3 Trailer
5871	Power of Defense Trailer
5872	H.A.W.X. 2 Trailer
5873	Horrid Henry Trailer
5874	Ziro Trailer
5875	Nation Red Trailer
5876	Burn Zombie Burn Trailer 2
5881	City of Heroes - Going Rogue Trailer
5882	SimCity 4 - Rush Hour Expansion Pack Trailer
5883	F1 2010 Trailer
5885	Cossacks Trailer
5886	Aura2 Trailer
5888	ARMA II - British Armed Force Trailer
5889	Aura Trailer
5890	Blade Kitten Trailer
5891	ArcaniA Trailer2
5894	Demolition Company Trailer
5895	Nuclear Dawn Trailer
5896	H.A.W.X.2 Story Trailer
5897	Dead Rising 2 Trailer
5898	R.U.S.E. Divide and Conquer Trailer
5902	BladeKittenTrailer 2
5904	Ship Simulator - Release Trailer
5905	Brink - Teaser Trailer
5906	Brink - Trailer 2
5908	Call of Duty - Black OPS Trailer
5909	Hunted - Trailer
5911	vvvvvv Trailer
5913	Kane & Lynch 2 - DLC Trailer (DE)
5914	Kane & Lynch 2 - DLC Trailer (ES)
5915	Kane & Lynch 2 - DLC Trailer (ESRB) (EN)
5916	Kane & Lynch 2 - DLC Trailer (IT)
5917	Kane & Lynch 2 - DLC Trailer (PEGI) (EN)
5918	Kane & Lynch 2 - DLC Trailer (FR)
5921	Chime Preview Trailer 2
5922	NyxQuest Trailer
5926	Portal 2 Co-op Trailer
5930	Portal 2 PAX Trailer
5931	Delve Deeper Trailer
5932	Alien Breed 2 Trailer
5933	Lost Planet 2 Trailer
5934	Bloody Good Time Clown Trailer (EN)
5935	Bloody Good Time Clown Trailer (FR)
5936	Bloody Good Time Clown Trailer (IT)
5937	Bloody Good Time Clown Trailer (DE)
5938	Bloody Good Time Clown Trailer (ES)
5939	Star Ruler - Trailer
5946	Lost Horizon Trailer
5949	Haunted House Trailer 1
5950	Haunted House Trailer 2
5951	Shank Trailer
5956	NBA 2K11 Trailer
5957	Polynomial Trailer
5959	Polynomial Trailer 2
5960	Shank Trailer 2
5962	X-Superbox Trailer
5963	Diamon Dan Trailer
5964	Winter Voices Trailer English
5965	Shank Trailer 2 - PEGI
5966	Winter Voices Trailer French
5967	GWEN Trailer
5968	X Superbox Trailer
5969	Recettear Trailer (JP)
5971	MOH - Launch Trailer
5976	MX vs ATV Trailer
5977	Grotesque Tactics Trailer
5979	Doc Clock Gameplay Trailer
5980	Arcania Release Trailer
5981	Cities XL 2011 - Trailer (French)
5982	Cities XL 2011 Trailer
5983	Cities XL 2011 - Trailer ESRB
5984	MX vs ATV Reflex Trailer
5985	ProtoGalaxy Trailer
5986	The Ball Launch Trailer
5987	Railworks 2 Trailer
5988	The Ball Launch Trailer 1
5989	The UnderGarden Trailer
5990	DOW2 Retribution Trailer
5991	DOW2 Retribution Tyranid Trailer
5992	DOW2 Retribution Eldar Trailer
5993	Ever Quest - House of Thule ESRB Gameplay Trailer
5994	Swords & Soldiers Trailer
5995	Arcadia Trailer
5996	Railworks 2 Trailer 2
80400	Puzzle Bots Trailer
80405	Nimbus Trailer
80406	Tommy Tronic Trailer
80407	Hegemony - Philip of Macedon Trailer
80408	Nimbus Trailer 1
80411	AI War Children of Neinzul Trailer
80412	AI War New Trailer
80413	Dragon Age Origins Ultimate Edition Trailer
80414	Empire Earth Gold Trailer
80415	Empire Earth II Gold Trailer
80416	Empire Earth III Gold Trailer
80417	Free Running Trailer
80418	Lords of the Realm III Trailer
80420	FS2011 Trailer
80421	German FS2011 Trailer
80422	Bloody Good Time Launch Trailer (DE)
80423	Bloody Good Time Launch Trailer (IT)
80424	Bloody Good Time Launch Trailer (ES)
80425	Bloody Good Time Launch Trailer (EN) PEGI
80426	Bloody Good Time Launch Trailer (FR)
80427	BIT.TRIP BEAT Trailer
80428	Dungeon Siege III Trailer 2
80429	Bejeweled 3 Trailer
80430	Pat & Mat Trailer
80431	Pound of Ground Trailer
80432	AlternativA Trailer
80433	Fish Fillets 2 Trailer
80434	Divinity II - The Dragon Knight Saga Trailer
80435	Guardians of Graxia Trailer
80436	Emergency 2012 Trailer
80438	Poker Night at the Inventory Trailer
80439	Pound of Ground Trailer 2
80440	Men of War Assault Squad Trailer
80441	Railworks 2 Flying Scotsman Trailer
80442	Archon Classic Trailer
80443	Clones Trailer
80444	Alien Breed 3 Trailer
80445	Zen Bound 2 Trailer
80446	Blue Toad Murder Files Trailer
80447	The Witcher 2 Trailer
80448	naild Trailer
80449	Flight Control HD Trailer
80450	Ion Assault Trailer
80451	Dungeon Defenders Trailer
80452	Zombie Driver Blood Race Trailer
80453	The Witcher 2 Game Play Censored Trailer
80454	Power of Defense 1 Trailer
80456	Global Agenda (DE) Trailer
80457	Power of Defense Trailer
80458	System Protocol One Trailer
80459	Rift Trailer
80460	Emergency 2012 Trailer new
80461	ARMA2 PMC Trailer
80462	RUSH Trailer
80463	Diamon Dan ESRB Trailer
80464	CrimeCraft Bleedout Trailer
80465	Greed Corp Trailer
80466	Deus Ex Human Revolution Gameplay Trailer
80468	Test Drive Unlimited 2 ESRB Trailer
80469	Test Drive Unlimited 2 PEGI Trailer
80475	Killing Floor Christmas 2010 Trailer
80476	Dungeon Trailer
80477	The First Templar - Trailer
80478	Monday Night Combat Trailer
80485	Doc Clock Trailer 1.1
80492	Serious Christmas Trailer
80494	Dive to the Titanic Trailer
80495	Munchs Oddysee Trailer
80496	Strangers Wrath Trailer
80497	Back to the Future Trailer
80498	Clickr Trailer
80500	Neverwinter Nights 2 Trailer
80501	NWN2 - Mask of the Betrayer Trailer
80502	Kaptain Brawe Trailer
80503	Ride Em Low Trailer
80504	ARES Trailer
80505	Two Worlds II Trailer
80506	Two Worlds II Trailer PEGI
80507	Two Worlds II Trailer ESRB
80508	Drawn The Painted Tower Trailer
80509	Drawn The Painted Tower Intro Trailer
80510	Gratuitous Space Battle Galactic Conquest Trailer
80514	APOX Trailer
80516	A.R.E.S. Extinction Agenda Trailer
80519	Mishap 2 Intro Trailer
80561	Secret of the Magic Crystals Trailer
80563	Crasher Trailer
80564	Whos that flying 1 Trailer
80565	EU3 Divine Wind Trailer1
80566	EU3 Divine Wind Trailer2
80567	Magicka Trailer
80568	Dead Space 2 Trailer
80569	Dead Space 2 Gameplay Trailer
80570	Trino Trailer
80572	The Sims 3 Trailer
80573	The Sims 3 World Adventures Trailer
80574	The Sims 3 Ambitions Trailer
80575	The Sims 3 Late Night Trailer
80576	The Sims 3 High End Loft Stuff Trailer
80577	The Sims 3 Fast Lane Stuff Trailer
80578	Breach Trailer
80579	Breach Gadgets Trailer
80580	MNC Launch Trailer
80581	Space Rangers 2 Trailer
80583	Rift PvP Trailer
80584	King Arthur Druids Trailer
80585	King Arthur Druids Trailer 2
80589	Gratuitous Space Battles Galactic Conquest Trailer
80590	AI War Lite of the Spire Trailer
80591	Assassins Creed 2 ESRB Trailer
80592	Bloody Good Time ESRB Trailer
80593	Monday Night Combat Crossfire Trailer
80594	Monday Night Combat LaseRazor Trailer
80595	Monday Night Combat AmmoMule Trailer
80596	You Dont Know Jack 2 Trailer
80597	Atom Zombie Smasher Trailer
80605	Crasher Launch Trailer
80606	Cities in Motion Trailer
80607	Zeit2 Trailer
80608	Space Chem Trailer
80609	Space Chem How To Trailer
80624	Dungeon Siege III Loyalty Trailer
80627	You Dont Know Jack PC Trailer
80628	Homefront Resistance Trailer
80630	Lineage 2 High Five Trailer
80631	Majesty 2 Monster Kingdom Trailer
80632	Crasher New Launch Trailer
80634	CreaVures Trailer
80635	HOARD Trailer
80637	Majesty 2 Battles of Ardania Trailer
80638	Majesty 2 Battles of Ardania Release Trailer
80639	Back to the Future Ep 2 Trailer
80640	Drakensang The River of Time Trailer
80641	Dead Island Trailer
80644	Painkiller Redemption Trailer
80648	Cloning Clyde Trailer
80649	Proto Defense Trailer
80650	BUTTON Trailer
80651	Sanctum Trailer
80652	Dreamcast Collection Trailer
80655	BIT.TRIP RUNNER Trailer
80656	Detour Trailer
80657	Fate of the World Trailer
80658	Dreamcast Collection Trailer (EN) (ESRB)
80659	Dreamcast Collection Trailer (IT)
80660	Dreamcast Collection Trailer (EN) (OFLC)
80661	Dreamcast Collection Trailer (ES)
80662	Dreamcast Collection Trailer (FR)
80663	Dreamcast Collection Trailer (DE)
80664	Dreamcast Collection Trailer (EN) (PEGI)
80670	ARMA II - CDF Trailer (ESRB)
80671	ARMA II - ChDKZ Trailer (ESRB)
80672	ARMA II - Civilian Trailer (ESRB)
80673	ARMA II - NAPA Trailer (ESRB)
80674	ARMA II - Russian Trailer (ESRB)
80675	ARMA II Trailer (ESRB)
80676	ARMA II - USMC Trailer (ESRB)
80677	Dungeon Siege III Gameplay Trailer
80679	Gothic 3 Forsaken Gods Trailer
80681	Magicka Vietnam Trailer
80682	Civ V Polynesia Trailer
80683	Brink Gameplay Weapons Trailer
80687	Homefront Multiplayer Trailer
80688	Shadow Harvest Trailer
80689	DOW2 Retribution Release Trailer
80690	Garshasp Trailer
80691	PAM Trailer
80692	Might & Magic Heroes VI Trailer
80694	Fractal Trailer
80696	Darkspore French Trailer
80697	Darkspore German Trailer
80698	Darkspore English Trailer
80699	Darkspore Russian Trailer
80700	Darkspore Polish Trailer
80702	Battle Los Angeles Trailer
80703	Homefront Launch Trailer
80704	Homefront History Trailer
80705	LEGO Star Wars III The Clone Wars Trailer
80706	Post Apocalyptic Mayhem Trailer
80710	Theatre of War Korea Trailer
80720	Dirt 3 Trailer DE
80721	Dirt 3 Trailer ES
80722	Dirt 3 Trailer FR
80723	Dirt 3 Trailer IT
80724	Dirt 3 Trailer French
80725	Dirt 3 Trailer UK
80726	Dirt 3 Trailer US
80733	Red River Trailer US
80734	Red River Trailer GR
80735	Red River Trailer FR
80736	Red River Trailer UK
80737	HOARD ESRB Trailer
80738	Call of Duty - Black Ops Firsk Strike Trailer
80745	Dirt 3 Teaser Trailer ESRB
80746	Dirt 3 Teaser Trailer PEGI
80756	Anomaly Warzone Earth Trailer
80757	STCC The Game 2 Trailer
80758	Gothic 3 Forsaken Gods Enhanced Edition Trailer
80759	GT Power Pack Trailer
80760	Garshasp - The Monster Slayer Trailer
80761	Magicka Vietnam Release Trailer
80773	Runaway Twist of Fate Trailer
80778	Section 8 Prejudice Trailer
80779	Armada 2526 Trailer
80780	Scratches Trailer
80781	Dungeon Siege III - Reinhart Trailer
80782	Dungeon Siege III - Katarina Trailer
80783	Dungeon Siege III - Lucas Trailer
80784	Section 8 Prejudice PC launch Trailer
80785	Fable III Announce Trailer
80786	Fable III Opening Trailer
80787	Red Faction Armageddon - Kara Trailer
80790	Majesty 2 Collection Trailer
80791	The Tiny Bang Story Trailer
80792	Cargo Trailer
80793	Hydrophobia Prophecy Trailer
80794	Your Doodles Are Bugged Trailer
80795	Monday Night Combat Tullys Trailer
80796	Dino D-Day Trailer 2
80798	Saints Row The Third First Gameplay Trailer
80799	DCS A10C Warthog Trailer
80800	Anno 2070 Trailer
80801	Magicka Marshlands Trailer
80802	Still Life Trailer
80803	Still Life 2 Trailer
80804	Super Street Fighter IV Arcade Edition Trailer
80808	Hydrophobia Prophecy Launch Trailer
80809	Hector Episode One Trailer
80810	Capsized Trailer
80811	The First Templar Gameplay Trailer
80812	The First Templar Gameplay Trailer PEGI
80813	Inside a Star-Filled Sky Trailer
80814	Dinner Date Trailer
80816	Capsized Release Trailer
80817	Back to the Future Episode 4 Trailer
80819	EYE Trailer
80821	Dwarfs Trailer
80822	Portal 2 Remix Trailer
80824	Civ V DLC Denmark Trailer
80825	Civ V DLC Explorers Map Pack Trailer
80826	RFA Infestation Trailer
80827	Syberia Trailer
80828	Syberia II Trailer
80829	Red Faction Armageddon Infestation Trailer
80830	Red Faction Armageddon Kara Trailer
80831	Civ V DLC - Denmark Trailer
80832	Civ V DLC - Explorers Map Pack Trailer
80833	Vertex Dispenser Trailer
80837	Fortix 2 Trailer
80838	Steel Storm Burning Retribution Trailer
80839	Lume Trailer
80841	Call of Duty Black Ops - Escalation Trailer
80842	Call of Duty Black Ops Escalation Trailer
80844	Call of Duty Black Ops - Call of the Dead Trailer
80851	Star Raiders ESRB Trailer
80852	Sanctum Glade Trailer
80853	Star Raiders Trailer
80854	PAM DLC Pack Trailer
80855	APOX Legend Trailer
80859	Terraria Trailer
80860	iBomber Defense Trailer
80866	Dungeon Siege III - Anjali Trailer
80868	Spiral Knights Announcement Trailer
80869	Shattered Horizon Last Stand Trailer
80870	King Arthur Collection Trailer
80871	ARMA II Eagle Wing Trailer
80872	Ancients of Ooga Trailer
80873	Ancients of Ooga Trailer 2
80875	Detour Launch Trailer
80876	Battle vs. Chess Trailer
80877	Red Faction Armageddon Breaking the Seal Trailer
80878	Naval Warfare Trailer
80879	The Witcher 2 Hope Trailer
80880	The Witcher 2 Hope Release Trailer
80881	Call of Juarez The Cartel PEGI Trailer
80882	Call of Juarez The Cartel Trailer
80883	Frozen Synapse Trailer
80884	Call of Juarez The Cartel PEGI English Trailer
80885	Sims 3 Generations DLC Trailer
80888	Serious Sam 3 BFE Teaser Trailer
80889	Metro Last Light Teaser Trailer
80890	Hamilton's Great Adventure Trailer
80891	Ghostbusters Sanctum of Slime DLC Trailer
80892	Ghostbusters Sanctum of Slime DLC PEGI Trailer
80893	E.Y.E Divine Cybermancy - Rotten Mound Trailer
80894	E.Y.E Divine Cybermancy - MOTRA Trailer
80896	LIMBO Trailer
80897	Might & Magic Heroes VI Beta Trailer
80898	Might & Magic Heroes VI Beta PEGI Trailer
80902	Hacker Evolution Duality Trailer
80903	Jamestown Trailer
80904	Pride of Nations Trailer
80905	Saints Row: The Third Announcement Trailer
80906	Tropico 4 Coming Soon Trailer
80907	Forsaken World Trailer
80908	Sanctum Facility Trailer
80909	The Cat and the Coup Trailer
80910	Solar 2 Trailer
80911	STORM Frontline Nation Trailer
80912	Critical Mass Trailer
80913	Gods and Heroes Rome Rising Trailer
80914	Champions Online Free for All Trailer
80915	Beat Hazard Ultra Trailer
80917	Frozen Synapse MP Trailer
80918	Magicka PVP Trailer
80919	The Witcher 2 Trailer Russian
80920	Gods and Heroes Rome Rising Trailer 2
80921	Back to the Future Episode 5 Trailer
80922	Supreme Ruler 2020 Gold Trailer
80925	Trapped Dead Trailer
80927	Hearts of Iron III For the Motherland Trailer
80928	Puzzle Agent 2 Trailer
80930	Rock of Ages - Humor Trailer
80931	Rock of Ages - PowerUps Trailer
80932	Rock of Ages - Rolling through the Ages Trailer
80933	Air Conflicts - Secret Wars Trailer
80934	Rift Hammerknell Trailer
80936	Sanctum 4-player Trailer
80937	Dungeons of Dreadmor Trailer
80938	Call of Duty - Black Ops Annihilation Trailer
80939	Breath of Death VII Trailer
80940	Cthulhu Saves the World Trailer
80941	Driver San Francisco Trailer
80942	Space Marine Chaos Revealed Trailer
80944	Lucid Gameplay Trailer
80945	Defy Gravity Trailer
80946	War Inc. Battlezone Trailer
80947	Tobe's Vertical Adventure Trailer
80948	Legend of Fae Trailer
80949	Saints Row: The Third Story Trailer
80950	Space Pirates and Zombies Trailer
80951	Mount and Blade - With Fire and Sword Trailer
80952	Mount and Blade - Warband Trailer
80953	Saints Row: The Third Developer Commentary Trailer
80954	From Dust Trailer
80955	Chantelise Trailer
80956	Nancy Drew Secrets Can Kill Trailer
80957	Nancy Drew Trail of the Twister Trailer
80958	Stronghold 3 Trailer
80959	Serious Sam 3 Headless Kamikaze Trailer
80960	Renegade Ops - Gameplay Trailer (PEGI)
80961	Renegade Ops - Gameplay Trailer (USK)
80962	Renegade Ops - Gameplay Trailer (OFLC)
80963	Renegade Ops - Gameplay Trailer (ESRB)
80964	Renegade Ops - Teaser Trailer (OFLC)
80965	Renegade Ops - Teaser Trailer (PEGI)
80966	Renegade Ops - Teaser Trailer (USK)
80967	Metal Drift Game Play Trailer
80970	Jagged Alliance BIA Trailer (PEGI)
80971	Gundemonium ReCollection Trailer
80972	E.Y.E. Divine Cybermancy Gameplay Trailer 2
80973	Nancy Drew Captive Curse Trailer
80974	Dead Horde Trailer
80986	From Dust ESRB Trailer
80989	Supreme Ruler: Cold War Trailer
80990	Metro Last Light E3 Demo Trailer
80991	Pirates of Black Cove Trailer
80992	From Dust Launch Trailer
80993	Space Marine Cinematic Trailer
80994	Aion: Assault on Balaurea Trailer
80995	TRAUMA Trailer
80996	Bastion Trailer
80997	The Clockwork Man Trailer
80998	Quake 4 Trailer
80999	Doom 3 Trailer
81000	Worms Ultimate Mayhem Trailer
81001	Space Marine Multiplayer Trailer
81002	Red Faction Armageddon Path to War Trailer
81003	Doom 3 Trailer 2
81004	Doom 3 Trailer 3
81005	Doom 3 Trailer 1
81006	Storm Official Trailer
81007	Doom 3 Final Trailer
81011	Hitogata Happa Trailer
81012	GundeadiGne Trailer
81013	Rage Trailer
81018	Deus Ex Purity First Trailer
81019	The Baconing Trailer
81020	EDGE Trailer
81021	Avadon: The Black Fortress Trailer
81022	Nuclear Dawn Trailer_1
81027	Red Orchestra 2 Remembering Trailer
81028	Blocks That Move - Trailer 2
81031	Dota2 Gamescom Trailer
81032	Call of Duty Modern Warfare 3 Reveal Trailer
81037	Dead Rising 2 - Off the Record Gameplay Trailer
81038	Dead Rising 2 - Off the Record Electric Crusher Trailer
81039	Blocks That Matter - Trailer 1
81040	The Baconing Gameplay Trailer
81041	Alien Hallway Trailer
81042	Bunch of Heroes Trailer
81043	Hard Reset Trailer
81044	Gundemonium Recollection Promo Trailer
81045	Rugby Challenge Trailer
81046	Rock of Ages - Rock Beats Everything Trailer
81047	Saints Row: The Third Luchadores Trailer
81048	F1 2011 Trailer Pegi 
81051	F1 2011 Trailer ESRB
81054	Crimecraft: Bleedout Gameplay Trailer
81055	Crimecraft: Bleedout Accolades Trailer
81056	Crimecraft: Bleedout Episodic Trailer
81057	Dead Island - Fight Together Trailer (PEGI)
81058	Dead Island - Fight Together Trailer (ESRB)
81059	Serious Sam 3 - Serious Chaos Trailer
81060	Rugby Challenge Main Trailer
81061	Counter-Strike: GO - Intro Trailer
81062	Post Mortem Trailer
81063	Hard Reset Story Trailer
81065	The Baconing Launch Trailer
81067	GundeadliGne Gameplay Trailer
81070	Achron Launch Trailer
81071	Achron Gameplay Trailer
81072	Robin Hood Trailer
81074	Dead Rising 2 - Off the Record Sandbox Trailer
81077	Red Orchestra 2 Multiplayer Gameplay Trailer
81078	Homefront - The Rock Map Pack Trailer ESRB
81079	Homefront - The Rock Map Pack Trailer BBFC
81080	Homefront - The Rock Map Pack Trailer
81081	Homefront - The Rock Map Pack Trailer PEGI
81082	Wargame: European Escalation Trailer
81087	Gatling Gears - Trailer
81090	Space Marine Brothers Trailer
81091	Space Marine Weapons Trailer
81092	Space Marine Enemies Trailer
81093	Rock of Ages - Coming Soon Trailer
81094	Wasteland Angel Release Trailer
81097	Dead Island Launch Trailer (ESRB)
81098	Astro Tripper Trailer
81099	Dead Island Launch Trailer (PEGI)
81100	Rugby Challenge Gameplay Trailer
81103	Rugby Challenge Trailer Main
81104	PT Boats South Gambit Trailer
81105	PT Boats Knights of the Sea Trailer
81106	Rugby Challenge Game play Trailer
81107	Rugby Challenge Online Trailer
81110	A Game of Thrones-Genesis Trailer
81111	Hamilton's Great Adventure Release Trailer
81112	Wasteland Angel Trailer 2
81115	The Haunted: Hells Reach Trailer
81116	Dungeons: The Dark Lord PEGI Trailer
81117	Dungeons: The Dark Lord ESRB Trailer
81119	The Haunted: Hells Reach Trailer New
81120	Wasteland Angel Release Trailer 3
81121	Hard Reset Launch Trailer
81122	Saints Row: The Third Deckers Trailer
81123	Xotic Trailer
81124	Xotic Overview Trailer
81125	Xotic Weapons Trailer
81126	Xotic Points and Leadboards Trailer
81127	Demolition Inc Trailer
81128	Nancy Drew: Shadow at the Water's Edge Trailer
81129	Worms Ultimate Mayhem 3D Deformation Trailer
81130	Worms Ultimate Mayhem Single Player Trailer
81131	Call of Duty Black Ops - Rezurrection Content Pack ESRB Trailer
81132	Call of Duty Black Ops - Rezurrection Content Pack Trailer
81133	Call of Duty: Black Ops - Rezurrection Content Pack PEGI Trailer
81134	Payday: The Heist Trailer
81135	Orcs Must Die Trailer
81139	Rusty Hearts Trailer
81140	Global Agenda Recursive Colony Trailer
81141	The Cursed Crusade Templars Curse Trailer Ger
81142	The Cursed Crusade Fighting Trailer Ger
81143	The Cursed Crusade Fighting Trailer EN
81144	The Cursed Crusade Templars Curse Trailer Eng
81146	Iron Grip: Marauders Trailer
81149	Rusty Hearts E3 Trailer
81150	Worms Ultimate Mayhem Customization Trailer
81151	The Witcher 2 Version 2.0 Trailer
81153	Rusty Hearts Launch Trailer
81155	A Game of Thrones-Genesis Official Trailer
81156	The Witcher 2 Version 2.0 Trailer
81157	Railwork 3 Trailer
81159	The Clockwork Man: The Hidden World Trailer
81160	Hector Episode Two Trailer
81161	Hector Episode Three Trailer
81162	Rise of the Immortals Trailer
81165	PAM DLC Fuzz Trailer
81166	PAM DLC TOWer Trailer
81167	PAM DLC Ice Scream Trailer
81168	Off-Road Drive Trailer
81169	PC Gamer Digital Trailer
81170	EDGE Extended Trailer
81171	Rift: Ashes of History Trailer
81172	Worms Ultimate Mayhem Comedy Trailer
81173	Worms Ultimate Mayhem Release Trailer
81174	Gratuitous Space Battles - The Parasites DLC Trailer
81175	Psychonauts New Trailer
81176	Rise of Immortals Launch Trailer
81177	Iron Grip: Marauders Gametour Trailer
81178	Hamilton's Great Adventure: Retro Fever Trailer
81179	NBA 2K12 Trailer
81180	Serious Sam Random Encounter - Gameplay Trailer
81181	F1 2011 Launch Trailer PEGI
81182	F1 2011 Launch Trailer ESRB
81184	Memoir '44 Online Trailer Eng
81185	Memoir '44 Online Trailer French
81186	The Cursed Crusade Templars Curse Trailer German
81187	The Cursed Crusade Templars Curse Trailer English
81188	The Cursed Crusade Fighting Trailer German
81189	Men of War: Assault Squad Launch Trailer
81190	The Sims 3 Pets Trailer
81191	The Baconing Roesha DLC Trailer
81196	Costume Quest Trailer
81199	Worms Crazy Golf Britanna Trailer
81200	Might & Magic Heroes VI Gamescom PEGI Trailer
81201	Steel Storm: Burning Retribution Editor Trailer
81202	Alien Zombie Megadeath Trailer
81203	Data Jammers: FastForward Trailer
81204	Take On Helicopters Trailer
81205	Assassin's Creed Revelations E3 Trailer
81206	Assassin's Creed Revelations Cinematic Trailer
81207	Smash Cars Trailer
81208	Stronghold 3 Economy Trailer
81209	Stronghold 3 Military Trailer
81210	Stronghold 3 DevDiary2 Trailer
81211	Stronghold 3 DevDiary1 Trailer
81212	Darksiders II Announce Trailer
81213	Might & Magic Heroes VI Launch Trailer
81214	Toki Tori w Announce Trailer
81216	Batman Arkham City Trailer
81217	Lightfish Trailer
81218	Sequence Launch Trailer
81219	Sequence How to Play Trailer
81220	Assassin's Creed Revelations Story Trailer
81221	Cities XL 2012 Trailer
81222	Saints Row: The Third Shock and Awesome Trailer
81223	Sideway New York Trailer
81224	Worms Crazy Golf Pirate Cave Trailer
81225	Assassin's Creed Revelations Multiplayer Trailer
81226	Global Ops: Commando Libya Trailer
81227	Dungeon Defenders Launch Trailer
81228	Retribution Tau Commander Trailer
81229	Airline Tycoon 2 Trailer ESRB
81230	Airline Tycoon 2 Trailer PEGI
81231	Call of Duty: Modern Warfare 3 Redemption Trailer
81232	Waves Trailer
81235	Lord of the Rings: War in the North Trailer
81236	Sequence How to Play Trailer Steam
81237	SkyDrift Trailer
81238	The Adventures of Tintin: The Game E3 Trailer
81239	Orcs Must Die Artifacts of Power Trailer
81240	The Cursed Crusade Cinematic Trailer
81242	Gemini Rue Trailer
81243	Trine 2 Co-op Trailer
81244	Ignite Trailer
81250	Bunch of Heroes - Horror Pack Trailer
81251	Gemini Rue Trailer wmv
81253	inMomentum Trailer
81254	Take on Helicopters - Launch Trailer
81255	Xotic Reviews Trailer
81256	Memoir '44 Online Trailer English
81257	Dungeon Defenders Halloween DLC Trailer
81258	Bloodline Champions Launch Trailer
81259	Jurassic Park Trailer
81260	Jurassic Park Behind the Scenes Trailer
81261	APB Reloaded Trailer
81263	Call of Duty Modern Warfare 3 Strike Package Assault Trailer
81264	Call of Duty: Modern Warfare 3 Launch Trailer
81265	SkyDrift: Gladiator Pack Trailer
81266	SkyDrift: Extreme Fighters Trailer
81267	Call of Duty: Modern Warfare 3 Launch Trailer 1
81268	Sonic Generations Trailer
81269	Serious Sam 3: BFE Weapons Trailer
81270	Serious Sam 3: BFE Melee Attacks Trailer
81271	Race: Injection Trailer
81272	Worms Crazy Golf Graveyard Trailer
81273	Worms Crazy Golf Carnival Course Trailer
81274	A Stroke of Fate: Operation Valkyrie Trailer
81275	Dead Mountaineer Trailer
81276	Postal 3 Trailer
81277	Real Warfare 2: Northern Crusades Trailer - Russian
81278	Real Warfare 2: Northern Crusades Trailer
81279	Rochard Trailer
81280	The Elder Scrolls V: Skyrim - Live Action Trailer
81281	The Elder Scrolls V: Skyrim - Full Trailer
81282	Serious Sam Random Encounter Launch Trailer
81283	Dungeon Defenders Dev Kit and CTF Trailer
81284	Sword of the Stars II Trailer
81285	Rochard Launch Trailer
81288	Total War: SHOGUN 2 Blood Pack Trailer
81289	Grotesque Tactics 2 - Trailer
81291	RIFT Ember Isle Trailer
81292	L.A. Noire Trailer
81293	Cave Story+ Trailer
81294	Serious Sam 3: BFE Launch Trailer
81295	AaaaaAAaaaAAAaaAAAAaAAAAA!!! for the Awesome Trailer
81296	Cave Story+ Launch Trailer
81297	Dungeon Defenders The Great Turkey Hunt Trailer
81298	Dungeon Defenders Hero Swap Trailer
81299	Dungeon Defenders Great Turkey Hunt Trailer
81300	Terraria New Trailer
81301	Dungeon Defenders Heroes Swap Trailer
81304	Magicka: The Stars Are Left Trailer
81305	Flatout 3 Chaos & Destruction Publisher Trailer
81306	Flatout 3 Chaos & Destruction Trailer
81309	Everquest 2 F2P Announce Trailer
81310	Batman Arkham City Nightwing DLC Trailer
81313	Crimecraft: Gangwars Trailer
81316	Defense Grid - You Monster DLC Trailer
81318	Earth Defense Force: Insect Armageddon Trailer
81319	Stronghold Kingdoms Trailer
81321	PoxNora Trailer
81322	Dungeons of Dredmor Realm of the Diggle God Trailer
81323	QUBE Trailer
81324	X3: Albion Prelude Trailer
81325	Demoigod Trailer
81326	PoxNora Sizzle Trailer
81327	Saints Row: The Third Shark Attack Trailer
81328	Saints Row: The Third Explosive Combat Trailer
81329	Assassin's Creed Revelations Ancestors Char Pack Trailer
81330	Saints Row: The Third Z Pack Trailer
81331	Duke Nukem Forever: The Doctor Who Cloned Me Trailer
81332	Dungeon Defenders - Quest for the Lost Eternia Shards Trailer
81333	Bunch of Heroes - Holiday Pack Trailer
81334	Fable - The Lost Chapters Trailer
81335	Dungeon Defenders Holiday Trailer
81337	Crimecraft Gangwars Snow Brawl Trailer
81338	King Arthur II Trailer
81339	LEGO Harry Potter Years 5-7 Trailer
81340	Choplifter HD Trailer
81342	The Darkness II Trailer
81343	Titan Attacks Trailer
81347	Rotastic Trailer
81348	Darksiders II Death Lives Trailer
81349	Super MNC Announce Trailer
81350	Saints Row: The Third Shark Attack DLC Trailer
81351	Jagged Alliance - Back in Action Pre-order Trailer ESRB
81352	Jagged Alliance - Back in Action Pre-order Trailer PEGI
81353	Choplifter HD Trailer ESRB 2
81354	Blackwell Convergence Trailer
81355	Blackwell Legacy Trailer
81356	Evochron Mercenary Trailer
81357	Blackwell Unbound Trailer
81358	Blackwell Deception Trailer
81362	Dustforce Gameplay Trailer
81363	Dustforce Trailer
81364	Cities in Motion: US Cities Trailer
81365	Saints Row: The Third Genkibowl VII Trailer
81366	Kingdoms of Amalur: Reckoning Trailer
81367	Dear Esther Trailer
81368	Sonic CD Trailer
81369	Titan Attacks Launch Trailer
81370	The Darkness 2 Trailer
81371	Unstoppable Gorg Gameplay Trailer
81372	Unstoppable Gorg Launch Trailer
81373	Insane 2 Trailer
81374	Storm in a Teacup Trailer
81381	Jagged Alliance - Back in Action Trailer 4 ESRB
81382	Jagged Alliance - Back in Action Trailer 4 PEGI
81383	Max Payne 3 Trailer
81384	Serious Sam 2 Trailer
81385	Star Trek Online F2P Trailer
81386	Oil Rush Trailer
81387	ACR Mediterranean Traveler Map Trailer
81388	ACR Mediterranean Traveler Map Trailer ESRB
81389	SOL Exodus Trailer
81390	Darksiders II Behind the Scenes Trailer
81391	Law & Order Episode 1 Trailer
81392	Law & Order Episode 3 Trailer
81393	Law & Order Episode 2 Trailer
81395	Scary Girl Trailer
81396	Brawl Busters Trailer
81397	Brawl Busters I Brawl Therefore I Am Trailer
81398	Fallen Earth F2P Trailer
81399	Pixeljunk Eden Trailer
81408	Pineapple Smash Crew Trailer
81409	Dungeon Defenders - Barbarian Hero Trailer
81410	King Arthur II Launch Trailer
81411	The Darkness II Launch Trailer
81412	1000 Amps Trailer
81413	Kingdoms of Amalur: Reckoning Launch Trailer
81414	Mortal Kombat Kollection Trailer
81415	Pixeljunk Eden Final Trailer
81416	SnuggleTruck Trailer
81418	Gotham City Imposters CGI Trailer
81419	Fallout: New Vegas Ultimate Edition Trailer
81420	Scoregasm Trailer
81421	Wargame: European Escalation Steam Trailer
81422	Alan Wake Trailer
81423	Wargame: European Escalation Beta Trailer
81424	Wargame: European Escalation Beta Trailer German
81425	Wargame: European Escalation Beta Trailer French
81426	Starpoint Gemini Trailer
81427	Dungeon Defenders - Etherian Festival of Love Trailer
81428	Vessel Trailer
81429	Vessel Invention Report Trailer
81430	Max Payne 3 Trailer 2
81431	Realm of the Mad God Trailer
81432	Dinner Date Release Trailer
81433	Crusader Kings II Trailer
81434	Dungeon Defenders Presidents Day Trailer
81435	Risen 2 Trailer PEGI
81436	Wargame Launch Trailer
81437	Fallen Earth Free2Play Trailer
81438	Risen 2 Trailer ESRB
81440	Really Big Sky Retro Trailer
81441	Really Big Sky Trailer
81447	Take On Helicopters  Hinds Trailer
81448	Painkiller Recurring Evil Trailer
81449	Total War Shogun 2 Fall of the Samurai Trailer AUS
81450	Total War Shogun 2 Fall of the Samurai Trailer ENG
81451	Total War Shogun 2 Fall of the Samurai Trailer INT PEGI
81452	Total War Shogun 2 Fall of the Samurai Trailer GER
81453	Total War Shogun 2 Fall of the Samurai Trailer FR
81454	Total War Shogun 2 Fall of the Samurai Trailer UK PEGI
81455	Total War Shogun 2 Fall of the Samurai Trailer SPA
81456	Total War Shogun 2 Fall of the Samurai Trailer RUS
81457	Total War Shogun 2 Fall of the Samurai Trailer POL
81458	Total War Shogun 2 Fall of the Samurai Trailer ITA
81459	Janes Advanced Strike Fighters Trailer ESRB
81460	Janes Advanced Strike Fighters Trailer PEGI
81461	Tropico 4 Modern Times Trailer PEGI
81462	Tropico 4 Modern Times Trailer ESRB
81463	Pandora Saga Trailer
81464	Total War Shogun 2 Fall of the Samurai Trailer DE
81465	Total War Shogun 2 Fall of the Samurai Trailer GERMAN
81466	Tropico 4 Modern Times Trailer DE
81467	iBomber Defense Pacific Trailer
81468	Luxor Evolved Gameplay Trailer
81469	Cubemen Trailer
81470	Cubemen Trailer 2
81471	Containment Trailer
81472	Stacking Trailer
81473	Stacking PC Trailer
81474	Fowl Space Trailer
81475	Cubemen Trailer 3
81476	City of Heroes Freedom Trailer
81477	City of Heroes Freedom F2P Trailer
81478	Rayman Origins Trailer
81479	All Zombies Must Die Trailer
81480	Nexuiz Trailer
81481	Myst V Trailer
81482	Assassins Creed III Trailer
81485	DCUO Battle for Earth Trailer
81486	Hegemony Gold Trailer
81487	Dungeon Defenders Quest for the Lost Eternia Shards Part 2 Trailer
81488	Take On Helicopters  Hinds  Trailer 2
81490	Crazy Machine Elements Trailer
81491	Lunar Flight Trailer
81492	Waveform Trailer
81493	City of Heroes Issues 22 Trailer
81494	Gunes of Icarus Online Trailer
81496	Saints Row The Third The Trouble with Clones Trailer
81497	Fall of the Samurai Story ESRB Trailer
81498	Fall of the Samurai Announcement ESRB Trailer
81499	Yesterday Trailer
81502	Adams Venture Episode 1 Trailer
81503	Mutant Storm Reloaded Trailer
81504	Game of Thrones Trailer
81506	Age of Empires Online Trailer
81507	Toki Tori 2 Teaser Trailer
81508	Sleeping Dogs Trailer
81509	Sleeping Dogs Live Trailer
81510	Shoot Many Robots Meet the Enemies Trailer
81511	Shoot Many Robots Customize Trailer
81512	Shoot Many Robots Launch Trailer
81513	Stellar Impact Trailer
81514	Gettysburg Release Trailer
81515	Age of Empires Online Overview Trailer
81516	Age of Empires Online Skirmish Trailer
81517	Confrontation Teaser Trailer
81519	Legend of Grimrock Launch Trailer
81520	Risen 2 Dark Waters CGI Trailer PEGI English
81521	Risen 2 Dark Waters CGI Trailer ESRB
81522	Fireburst Trailer 2
81523	Fireburst Trailer 1
81524	Risen 2 Dark Waters CGI Trailer PEGI German
81525	Risen 2 Dark Waters Trailer 2 USK
81526	Risen 2 Dark Waters Trailer 2 PEGI Ger
81527	Risen 2 Dark Waters Trailer 2 PEGI ESP
81528	Risen 2 Dark Waters Trailer 2 PEGI ITA
81529	Risen 2 Dark Waters Trailer 2 PEGI France
81530	City of Heroes Issue 22 Trailer
81531	Dungeon Defenders Series EV Trailer
81532	English Country Tune Trailer
81533	Forsaken World Nightfall Trailer
81534	Game of Thrones Epic Plot Trailer
81535	Age of Empires Online Celts Trailer
81536	Microsoft Flight Launch Trailer PEGI French
81537	Microsoft Flight Launch Trailer PEGI German
81538	Microsoft Flight Launch Trailer PEGI Italian
81539	Microsoft Flight Launch Trailer PEGI Spanish
81540	Microsoft Flight Launch Trailer PEGI
81541	Microsoft Flight Trailer ESRB
81542	Retro City Rampage Trailer
81543	Retro City Rampage Cereal Trailer
81544	Condemned Heroes Prima Trailer
81545	MacGuffins Curse Trailer
81548	Krater Trailer
81549	Guns of Icarus Online Game Play Trailer
81550	Hack Slash and Loot Trailer
81551	Botanicula Trailer
81552	Sniper Elite V2 Trailer
81557	Avernum Escape From the Pit Trailer
81558	World of Battles Morning Star Trailer
81559	World of Battles Morning Star Gameplay Trailer
81560	Insanely Twisted Shadow Planet Trailer
81561	Insanely Twisted Shadow Planet Hunter Trailer
81563	McGuffins Curse Trailer HD
81564	Avernum_Escape_From_the_Pit_Trailer
81565	Port Royale 3 Teaser Trailer
81566	Avernum EFTP Trailer
81571	Superbrothers Sword and Sworcery EP Trailer
81572	Streetfighter X Tekken Trailer
81573	Deep Black Trailer 2
81577	Revelations 2012 Trailer
81578	Deep Black Trailer
81580	The Walking Dead Trailer
81582	SuperMNC Overview Trailer
81585	Lone Survivor Trailer
81586	RIFT Infernal Dawn Trailer
81587	Sonic 4 Episode II ESRB Trailer
81588	Sonic 4 Episode II PEGI Trailer
81589	Fall of the Samurai Acclaim ESRB Trailer
81590	A Valley Without Wind Trailer
81592	To The Moon Trailer
81593	Prototype 2 Trailer 1
81594	Prototype 2 Trailer 2
81595	Toy Soldier Trailer
81596	Toy Soldier Gameplay Trailer
81597	Serious Sam 3 Mac Trailer
81598	Call of Duty Modern Warfare 3 Collection 1 Trailer
81602	SHOGUN 2 Fall of the Samurai Acclaim Trailer
81603	SHOGUN 2 Fall of the Samurai Multiplayer Trailer
81604	Port Royale 3 Trailer DE
81605	Port Royale 3 Trailer UK
81606	Port Royale 3 Trailer EN
81607	Fireburst Trailer 3
81608	Tiny and Big in Grandpas Leftovers Trailer
81609	Torchlight II Trailer
81610	Warlock Trailer
81611	Dungeon Defenders Aquanos Trailer
81612	Fall of the Samurai Interview Trailer
81613	Portal 2 DLC 2 Trailer
81614	Saints Row The Third Steelport Gangs Pack Trailer
81617	War of Immortals Trailer
81618	Toy Soldiers Trailer
81619	The Dream Machine Trailer
81621	Orion Dino Beatdown Trailer
81624	Sleeping Dogs Undercover Hong Kong Trailer
81625	Port Royale 3 Trailer DE New
81626	Call of Duty Black Ops 2 Reveal Trailer
81627	The Walking Dead Story Trailer
81628	Port Royale 3 Trailer EN New
81629	Port Royale 3 Trailer UK New
81630	DiRT Showdown  Demo Trailer
81632	Endless Space Trailer
81633	Iron Grip Warlord Scorched Earth DLC Trailer
81634	Revelations 2012 Trailer New
81635	Gratuitous Tank Battles Trailer
81636	Total War SHOGUN 2 Dragon War Battle Pack Trailer
81637	Saints Row The Third Steelport Gangs Trailer
81638	Moon Breakers Trailer
81639	Alan Wakes American Nightmare Trailer
81640	Dynamite Jack Trailer
81641	Magical Diary Trailer
81643	3D Coat Trailer
81644	Super MNC Steam Trading Trailer
81645	Offsrping Fling Trailer
81646	War Inc Trailer
81647	Serious Sam HD LOB DLC Trailer
81650	Cities in Motion Paris Trailer
81663	Ghost Recon Future Soldier Announcement Trailer
81664	Ghost Recon Future Soldier E3 Trailer
81674	Ticket to Ride Trailer EN
81675	Ticket to Ride Trailer DE
81676	Ticket to Ride Trailer FR
81677	Iron Front Liberation 1944 Infantry Trailer EN
81679	EVE Online Inferno Trailer
81680	Indie Game the Movie Trailer
81681	Dungeon Defenders Summoner Hero Trailer
81682	Swords and Soldiers Sausage DLC Trailer
81690	Red Orchestra 2 GOTY Trailer
81692	Sniper Ghost Warrior 2 Sarajevo Trailer
81693	Ghost Recon Future Soldier PrePurchase Trailer
81694	Iron Front Liberation 1944 Infantry Trailer INT
81695	Iron Front Liberation 1944 Airforce Trailer INT
81696	Iron Front Liberation 1944 Airforce Trailer EN
81697	Fieldrunners Trailer
81698	the Binding of Isaac Wrath of the Lamb Trailer
81699	Sleeping Dogs 101 Trailer
81700	Sleeping Dogs 101 ESRB Trailer
81701	Tiny and Big in Grandpas Leftovers Trailer 2
81702	Frozen Synapse Red DLC Trailer
81703	Krater Tribute Trailer
81704	Fall of the Samurai Clan Packs Trailer
81705	Ys Origin Trailer
81710	Quantum Conundrum E3 Trailer
81711	Fall of the Samurai Clan Packs Trailer ESRB
81712	Iron Grip Warlord Scorched Earth Trailer
81713	Dark Souls Trailer ESRB
81714	Dark Souls Trailer USK
81715	London 2012 Announce Trailer France
81716	Dark Souls Trailer PEGI
81717	Atooms to Moolecules Trailer
81718	Dark Souls Trailer PC Trailer
81719	BeatBuddy Trailer
81720	Divo Trailer
81721	Max Payne 3 Launch Trailer
81722	Militant Trailer
81723	Imagine Earth Trailer
81725	Symphony Trailer
81726	Trash TV Trailer
81728	Thunder Wheels Trailer
81729	Cannon Fodder 3 Trailer
81731	Bang Bang Racing Vantage Point Trailer
81732	Splice Trailer
81734	Bioshock Infinite E3 Trailer
81735	Blackwells Asylum Trailer
81736	South Park The Stick of Truth Reveal Trailer
81737	Spec Ops The Line TV Trailer
81738	Risen 2 Air Temple Trailer PEGI
81739	Risen 2 Air Temple Trailer ESRB
81740	Risen 2 Air Temple Trailer ES
81741	Risen 2 Air Temple Trailer FR
81742	Risen 2 Air Temple Trailer IT
81743	Rune Trailer 1
81744	Rune Trailer 2
81745	Sins of a Solar Empire Rebellion Trailer
81746	Krater Release Trailer
81747	Divine Divinity Trailer
81748	Dungeon Fighter Online Trailer
81749	Fray Trailer
81752	London 2012 Trailer
81753	Roller Coaster Rampage Trailer
81754	London 2012 Trailer German
81755	London 2012 Trailer Italian
81756	London 2012 Trailer United Kingdom
81757	London 2012 Trailer Spanish
81758	London 2012 Trailer French
81759	London 2012 Trailer Australia
81760	London 2012 Trailer International
81761	SpellForce II Faith in Destiny Trailer
81762	Roller Coaster Rampage Trailer 2
81763	Civilization V Gods and Kings Lead Your Civ Trailer
81764	A Valley Without Wind Update Trailer
81765	Stoked Big Air Trailer
81766	LEGO Batman 2 Trailer
81767	Napoleon Total War DLC Trailer
81768	Tiny and Big Trailer 3
81769	Tiny and Big Trailer 4
81770	DC Universe Online The Last Laugh Trailer
81773	Dynasty Warrior Trailer
81774	Vindictus Trailer
81775	Vindictus Episode 10 Trailer
81776	Dark Eye Trailer PEGI
81779	Dark Eye PC Trailer
81781	On the Rain Slick Precipice of Darkness 3 Trailer
81782	LEGO Batman 2 Trailer 2 Danish
81783	LEGO Batman 2 Trailer 2 Russian
81784	LEGO Batman 2 Trailer 2 Italian
81785	LEGO Batman 2 Trailer 2 English
81786	LEGO Batman 2 Trailer 2 German
81787	LEGO Batman 2 Trailer 2 Spanish
81788	LEGO Batman 2 Trailer 2 Polish
81789	LEGO Batman 2 Trailer 2 Swedish
81790	LEGO Batman 2 Trailer 2 French
81791	LEGO Batman 2 Trailer 2 Dutch
81793	Tribes ascend Llama Island Trailer
81794	Tribes Ascend Announcement Trailer
81795	Tribes Ascend Focus Trailer
81797	Saints Row The Third Witches and Wieners Trailer
81799	LEGO Batman 2 Trailer 2 ESRB
81801	The Political Machine Trailer
81802	Adams Venture Episode 2 Trailer
81803	Adams Venture Episode 3 Trailer
81804	Dungeon Fighter Online Promo Trailer
81805	Combat Arms Trailer
81806	The Walking Dead Episode 2 Trailer
81807	Atlantica Trailer
81808	Blacklight Retribution Trailer
81809	Microsoft Flight Alaska Trailer ESRB
81810	Microsoft Flight Alaska Trailer PEGI
81811	Combat Arms Video Trailer
81812	Krater Rave Trailer
81813	Transformers Fall of Cybertron Our World Trailer
81814	Killing Floor Summer Sideshow Trailer
81815	Hero Academy _ TF2 Trailer
81816	Endless Space Exterminate Resistance Trailer
81817	Super MNC Turbocross Trailer
81819	Total War Rome II PEGI International Trailer
81820	Total War Rome II PEGI Russia Trailer
81821	Legends of Pegasus Gameplay Trailer
81822	Legends of Pegasus Gameplay Trailer UK
81823	Legends of Pegasus Trailer PEGI
81824	Legends of Pegasus Trailer ESRB
81825	Legends of Pegasus Gameplay Trailer DE
81826	Orcs Must Die 2 Trailer
81827	Total War Rome II USK Germany Trailer
81828	Total War Rome II PEGI Italy Trailer
81829	Total War Rome II OFCL Australia Trailer
81830	Total War Rome II PEGI France Trailer
81831	Total War Rome II PEGI Spain Trailer
81832	The Secret World ESRB Trailer
81833	Foreign Legion Multi Massacre Trailer
81834	MicroVolts Trailer
81835	The Secret World PEGI Trailer
81836	Killing Floor Summer Sideshow 2012 Trailer
81837	Dracula Origin Trailer
81838	Dungeonbowl Trailer
81840	Inversion Trailer
81841	Inversion Launch Trailer
81842	Dungeon Defenders Quest 4 Trailer
81846	Hard Reset Exile Trailer
81847	Source FilmMaker Demo Trailer
81848	Source FilmMaker Trailer
81849	MMH6_DLC1_Trailer
81850	Max Payne 3 Local Justice Pack Trailer
81851	Max Payne 3 Local Justice Pack Trailer PEGI
81852	X3 Albino Prelude Trailer
81853	MDK2 HD Trailer
81854	The Political Machine Trailer HD
81855	Kungfu Strike Trailer
81857	Resonance Trailer
81858	X3 Albion Prelude 25 Trailer
81859	PAYDAY The Heist Mercy Hospital Trailer
81861	Wanderlust Rebirth Trailer
81862	Microsoft Flight Carbon Cub Deluxe Trailer
81863	Crazy Machines Invaders From Space DLC Trailer
81864	AirMech Trailer
81865	Metro Last Light E3 Walkthrough Trailer
81866	Darksiders II Last Sermon Trailer
81867	Darksiders II Death Comes to All Trailer
81868	Metro Last Light E3 Walkthrough Trailer French
81869	Metro Last Light E3 Walkthrough Trailer Russian
81870	Metro Last Light E3 Walkthrough Trailer Dutch
81871	Metro Last Light E3 Walkthrough Trailer German
81872	Darksiders II Death Strikes Part 2 Trailer
81873	Metro Last Light E3 Walkthrough Trailer Italian
81874	Metro Last Light E3 Walkthrough Trailer Spanish
81875	Metro Last Light E3 Walkthrough Trailer UK
81876	Total War SHOGUN 2 Saints and Heroes ESRB Trailer
81877	Total War SHOGUN 2 Saints and Heroes COB Trailer
81878	Total War SHOGUN 2 Saints and Heroes PEGI Trailer
81879	Total War SHOGUN 2 Saints and Heroes USKTrailer
81880	Borderlands 2 Wimoweh Trailer
81881	Borderlands 2 Prepurchase Trailer
81882	Mensa Academy Trailer
81883	Divine Divinity Gameplay Trailer
81884	Divine Divinity Trailer Russian
81885	Divine Divinity Trailer German
81886	Divine Divinity Trailer French
81887	Napoleon Total War DLCs PEGI Trailer
81888	Napoleon Total War DLCs ESRB Trailer
81889	Napoleon Total War DLCs USK Trailer
81890	Napoleon Total War DLCs COB Trailer
81891	The Book of Unwritten Tales Trailer
81892	The Book of Unwritten Tales Mummy Trailer
81893	A Virus Named Tom Launch Trailer
81894	Damage Inc Trailer
81895	Unmechanical Trailer
81896	Damage Inc Launch Trailer
81897	Death Rally Trailer
81898	The Political Machine Launch Trailer
81899	The Book of Unwritten Tales Release Trailer
81901	Transformers Fall of Cybertron E3 Trailer
81902	Unmechanical Trailer 2
81903	Divine Divinity Gameplay Trailer RU
81904	Divine Divinity Gameplay Trailer DE
81905	Divine Divinity Gameplay Trailer FR
81906	Legends of Pegasus Trailer 2 USK
81907	Legends of Pegasus Trailer 2 PEGI
81908	Legends of Pegasus Trailer 2 ESRB
81909	Awesomenauts Trailer
81910	Tower Wars Trailer
81911	Skyrim Dawnguard Trailer
81912	Dishonored Trailer
81914	DeathRally Launch Trailer
81915	Deponia Trailer
81916	Deponia Trailer DE
81917	Max Payne 3 Local Justice Trailer
81918	Max Payne 3 Local Justice Pack Trailer INT
81919	Babel Rising Trailer
81921	Galaxy on Fire 2 HD Trailer
81922	Darksiders II Know Death Trailer
81924	Deponia Launch Trailer
81925	Deponia Launch Trailer DE
81926	Tryst Trailer
81927	Vanguard Trailer
81928	Colourbind Trailer
81929	Black Ops II Multiplayer Trailer
81930	Jagged Alliance Crossfire Trailer PEGI
81931	Jagged Alliance Crossfire Trailer ESRB
81932	Iron Brigade Trailer
81933	MapleStory Trailer
81935	Hero Academy Trailer
81936	Race Room Racing Experience Trailer
81937	Tera Trailer
81938	ShadO Trailer
81939	Super Crate Box Trailer
81940	Galactic Civilizations 1 Trailer
81941	Iron Brigade Video Trailer
81942	CS GO_Trailer
81943	Mann vs Machine_Trailer
81944	Sleeping Dogs Voiceover Trailer
81945	Sleeping Dogs Combat Highlights Trailer
81946	Sleeping Dogs Shooting Highlights Trailer
81947	Dungeons and Dragons Online Trailer
81948	Mutant Blobs Attack Launch Trailer
81949	Analogue A Hate Story Trailer
81950	Dark Sous GamesCom Trailer
81951	Dark Souls GamesCom Trailer PEGI
81952	They Bleed Pixels Trailer
81953	Darksiders II Combat Trailer
81954	CS GO_Trailer_Short
81955	CS GO_Trailer_Full
81956	Thirty Flights of Loving Trailer
81958	CS GO_Trailer_Short_NR
81959	Gotham City Impostors F2P Trailer
81960	Rigonauts_Trailer_1
81961	Home Trailer
81962	Spirits Trailer
81964	Dark Souls PTDE  Release Trailer
81965	I Am Alive Trailer
81966	Great Big War Game Trailer
81968	Total War Battles Shogun Trailer USK
81969	Total War Battles Shogun Trailer
81970	Total War Battles Shogun Trailer PEGI
81972	Carrier Command E3 Trailer
81974	Snapshot Trailer
81975	Fallen Enchantress Intro Trailer
81976	Miner Wars Arena Trailer
81982	Half Minute Hero Trailer
81984	Tiny Troopers Trailer
81985	The Basement Collection Trailer
81986	Natural Selection 2 Trailer
81987	Tiny Troopers_Trailer_1
81988	Rigonauts_Trailer
81989	CS GO_Trailer_Making_Of
81990	CS GO_Trailer_Short_NR1
81991	Gotham City Impostors F2P Trailer 2
81992	CameraBag 2 Trailer
81993	Witcher 2 Face in the Game Promotion Trailer
